Workbook

Sheet الإعدادات
A1: الإعدادات — القوائم ودليل الحسابات وقواعد الرواتب
A2: الخانات الصفراء فقط هي اللي بتتعدل — كل الشيتات التانية بتقرا منها
A3: أنواع مصروفات الدرج | C3: الموظف | D3: الراتب الأساسي | E3: بدل المواصلات | G3: الكود | H3: الحساب | I3: التصنيف العام | J3: الطبيعة | K3: القائمة | M3: القاعدة | N3: القيمة
A4: سلفة | C4: أحمد | D4: 3000 | E4: 300 | G4: 4100 | H4: مبيعات الخدمات | I4: الإيرادات | J4: إيراد | K4: قائمة الدخل | M4: نسبة ضريبة القيمة المضافة | N4: 0.15
A5: مستلزمات | C5: خالد | D5: 2800 | E5: 300 | G5: 5100 | H5: الرواتب والبدلات | I5: مصاريف الموظفين | J5: مصروف | K5: قائمة الدخل | M5: حد بداية العمولة (ريال مبيعات) | N5: 3000
A6: مواصلات | C6: يوسف | D6: 2800 | E6: 300 | G6: 5110 | H6: العمولات والحوافز | I6: مصاريف الموظفين | J6: مصروف | K6: قائمة الدخل | M6: نسبة العمولة فوق الحد | N6: 0.3
A7: ضيافة | C7: سامي | D7: 2500 | E7: 250 | G7: 5120 | H7: تكاليف الموظفين (تأشيرات وتأمين) | I7: مصاريف الموظفين | J7: مصروف | K7: قائمة الدخل | M7: تارجت مكافأة المبيعات | N7: 10000
C8: فارس | D8: 2500 | E8: 250 | G8: 5200 | H8: الإيجار | I8: مصاريف الفرع | J8: مصروف | K8: قائمة الدخل | M8: قيمة مكافأة التارجت | N8: 300
C9: ماجد | D9: 2200 | E9: 200 | G9: 5210 | H9: الكهرباء والمياه | I9: مصاريف الفرع | J9: مصروف | K9: قائمة الدخل | M9: سعر ساعة الأوفر تايم | N9: 20
G10: 5220 | H10: المستلزمات والأدوات | I10: مصاريف التشغيل | J10: مصروف | K10: قائمة الدخل | M10: أيام الشهر لحساب اليومية | N10: 30
G11: 5230 | H11: الصيانة والإصلاحات | I11: مصاريف الفرع | J11: مصروف | K11: قائمة الدخل
G12: 5300 | H12: التسويق | I12: مصاريف التشغيل | J12: مصروف | K12: قائمة الدخل
G13: 5400 | H13: رسوم بوابات الدفع | I13: مصاريف التشغيل | J13: مصروف | K13: قائمة الدخل
G14: 5900 | H14: مصروفات نثرية من الدرج | I14: مصاريف التشغيل | J14: مصروف | K14: قائمة الدخل
G15: 2300 | H15: ضريبة القيمة المضافة المسددة | I15: الالتزامات | J15: تسوية | K15: المركز المالي

Sheet اليومية
A1: اليومية — مبيعات ومصروفات الدرج ومطابقة الكاش
A2: الكاشير بيدخل الخانات الصفراء بس — الإجماليات والمطابقة والصافي محسوبين
A3: اليوم | D3: مصروفات من الدرج | Q3: المبيعات حسب طريقة الدفع (من النظام) | W3: مطابقة الفعلي
A4: التاريخ | B4: اليوم | C4: الشهر | D4: نوع 1 | E4: الموظف 1 | F4: القيمة 1 | G4: نوع 2 | H4: الموظف 2 | I4: القيمة 2 | J4: نوع 3 | K4: الموظف 3 | L4: القيمة 3 | M4: نوع 4 | N4: الموظف 4 | O4: القيمة 4 | P4: إجمالي المصروفات | Q4: الشبكة | R4: الكاش | S4: الأونلاين | T4: تابي | U4: تمارا | V4: إجمالي المبيعات | W4: الشبكة الفعلي | X4: الكاش الفعلي | Y4: فرق الشبكة | Z4: فرق الكاش | AA4: الحالة | AB4: صافي اليوم
A5: 46204 | B5: الأربعاء | C5: يوليو 2026 | D5: مستلزمات | F5: 50 | G5: مواصلات | I5: 58 | J5: مواصلات | L5: 31 | P5: =F5+I5+L5+O5 -> 139 | Q5: 1991 | R5: 877 | T5: 350 | U5: 257 | V5: =SUM(Q5:U5) -> 3475 | W5: 1991 | X5: 738 | Y5: =W5-Q5 -> 0 | Z5: =X5-(R5-P5) -> 0 | AA5: =IF(AND(Y5=0,Z5=0),"مطابق",IF(Y5+Z5>0,"زيادة","عجز")) -> مطابق | AB5: =V5-P5 -> 3336
A6: 46205 | B6: الخميس | C6: يوليو 2026 | D6: مواصلات | F6: 44 | P6: =F6+I6+L6+O6 -> 44 | Q6: 3807 | R6: 1437 | S6: 110 | T6: 196 | V6: =SUM(Q6:U6) -> 5550 | W6: 3807 | X6: 1410 | Y6: =W6-Q6 -> 0 | Z6: =X6-(R6-P6) -> 17 | AA6: =IF(AND(Y6=0,Z6=0),"مطابق",IF(Y6+Z6>0,"زيادة","عجز")) -> زيادة | AB6: =V6-P6 -> 5506
A7: 46206 | B7: الجمعة | C7: يوليو 2026 | D7: مستلزمات | F7: 36 | G7: مواصلات | I7: 60 | P7: =F7+I7+L7+O7 -> 96 | Q7: 4303 | R7: 1096 | S7: 353 | T7: 348 | V7: =SUM(Q7:U7) -> 6100 | W7: 4303 | X7: 1000 | Y7: =W7-Q7 -> 0 | Z7: =X7-(R7-P7) -> 0 | AA7: =IF(AND(Y7=0,Z7=0),"مطابق",IF(Y7+Z7>0,"زيادة","عجز")) -> مطابق | AB7: =V7-P7 -> 6004
A8: 46207 | B8: السبت | C8: يوليو 2026 | D8: مواصلات | F8: 42 | G8: مستلزمات | I8: 32 | J8: مواصلات | L8: 38 | P8: =F8+I8+L8+O8 -> 112 | Q8: 2166 | R8: 1203 | V8: =SUM(Q8:U8) -> 3369 | W8: 2166 | X8: 1091 | Y8: =W8-Q8 -> 0 | Z8: =X8-(R8-P8) -> 0 | AA8: =IF(AND(Y8=0,Z8=0),"مطابق",IF(Y8+Z8>0,"زيادة","عجز")) -> مطابق | AB8: =V8-P8 -> 3257
A9: 46208 | B9: الأحد | C9: يوليو 2026 | D9: مواصلات | F9: 26 | G9: مواصلات | I9: 56 | P9: =F9+I9+L9+O9 -> 82 | Q9: 3027 | R9: 873 | S9: 228 | V9: =SUM(Q9:U9) -> 4128 | W9: 3027 | X9: 791 | Y9: =W9-Q9 -> 0 | Z9: =X9-(R9-P9) -> 0 | AA9: =IF(AND(Y9=0,Z9=0),"مطابق",IF(Y9+Z9>0,"زيادة","عجز")) -> مطابق | AB9: =V9-P9 -> 4046
A10: 46209 | B10: الاثنين | C10: يوليو 2026 | D10: سلفة | E10: أحمد | F10: 200 | P10: =F10+I10+L10+O10 -> 200 | Q10: 3171 | R10: 574 | V10: =SUM(Q10:U10) -> 3745 | W10: 3171 | X10: 400 | Y10: =W10-Q10 -> 0 | Z10: =X10-(R10-P10) -> 26 | AA10: =IF(AND(Y10=0,Z10=0),"مطابق",IF(Y10+Z10>0,"زيادة","عجز")) -> زيادة | AB10: =V10-P10 -> 3545
A11: 46210 | B11: الثلاثاء | C11: يوليو 2026 | D11: مستلزمات | F11: 64 | P11: =F11+I11+L11+O11 -> 64 | Q11: 3282 | R11: 1182 | T11: 262 | V11: =SUM(Q11:U11) -> 4726 | W11: 3282 | X11: 1118 | Y11: =W11-Q11 -> 0 | Z11: =X11-(R11-P11) -> 0 | AA11: =IF(AND(Y11=0,Z11=0),"مطابق",IF(Y11+Z11>0,"زيادة","عجز")) -> مطابق | AB11: =V11-P11 -> 4662
A12: 46211 | B12: الأربعاء | C12: يوليو 2026 | D12: مستلزمات | F12: 36 | G12: مستلزمات | I12: 145 | J12: سلفة | K12: سامي | L12: 150 | P12: =F12+I12+L12+O12 -> 331 | Q12: 2632 | R12: 617 | V12: =SUM(Q12:U12) -> 3249 | W12: 2632 | X12: 304 | Y12: =W12-Q12 -> 0 | Z12: =X12-(R12-P12) -> 18 | AA12: =IF(AND(Y12=0,Z12=0),"مطابق",IF(Y12+Z12>0,"زيادة","عجز")) -> زيادة | AB12: =V12-P12 -> 2918
A13: 46212 | B13: الخميس | C13: يوليو 2026 | D13: مواصلات | F13: 60 | G13: ضيافة | I13: 77 | P13: =F13+I13+L13+O13 -> 137 | Q13: 3722 | R13: 1386 | V13: =SUM(Q13:U13) -> 5108 | W13: 3722 | X13: 1249 | Y13: =W13-Q13 -> 0 | Z13: =X13-(R13-P13) -> 0 | AA13: =IF(AND(Y13=0,Z13=0),"مطابق",IF(Y13+Z13>0,"زيادة","عجز")) -> مطابق | AB13: =V13-P13 -> 4971
A14: 46213 | B14: الجمعة | C14: يوليو 2026 | D14: مستلزمات | F14: 113 | G14: مستلزمات | I14: 54 | P14: =F14+I14+L14+O14 -> 167 | Q14: 3349 | R14: 1083 | U14: 153 | V14: =SUM(Q14:U14) -> 4585 | W14: 3349 | X14: 916 | Y14: =W14-Q14 -> 0 | Z14: =X14-(R14-P14) -> 0 | AA14: =IF(AND(Y14=0,Z14=0),"مطابق",IF(Y14+Z14>0,"زيادة","عجز")) -> مطابق | AB14: =V14-P14 -> 4418
A15: 46214 | B15: السبت | C15: يوليو 2026 | D15: مستلزمات | F15: 58 | G15: مستلزمات | I15: 105 | P15: =F15+I15+L15+O15 -> 163 | Q15: 2453 | R15: 1116 | S15: 369 | V15: =SUM(Q15:U15) -> 3938 | W15: 2453 | X15: 953 | Y15: =W15-Q15 -> 0 | Z15: =X15-(R15-P15) -> 0 | AA15: =IF(AND(Y15=0,Z15=0),"مطابق",IF(Y15+Z15>0,"زيادة","عجز")) -> مطابق | AB15: =V15-P15 -> 3775
A16: 46215 | B16: الأحد | C16: يوليو 2026 | D16: مستلزمات | F16: 104 | G16: مستلزمات | I16: 33 | J16: ضيافة | L16: 23 | P16: =F16+I16+L16+O16 -> 160 | Q16: 1954 | R16: 821 | V16: =SUM(Q16:U16) -> 2775 | W16: 1954 | X16: 661 | Y16: =W16-Q16 -> 0 | Z16: =X16-(R16-P16) -> 0 | AA16: =IF(AND(Y16=0,Z16=0),"مطابق",IF(Y16+Z16>0,"زيادة","عجز")) -> مطابق | AB16: =V16-P16 -> 2615
A17: 46216 | B17: الاثنين | C17: يوليو 2026 | D17: مستلزمات | F17: 148 | G17: ضيافة | I17: 79 | P17: =F17+I17+L17+O17 -> 227 | Q17: 1950 | R17: 927 | T17: 202 | V17: =SUM(Q17:U17) -> 3079 | W17: 1950 | X17: 700 | Y17: =W17-Q17 -> 0 | Z17: =X17-(R17-P17) -> 0 | AA17: =IF(AND(Y17=0,Z17=0),"مطابق",IF(Y17+Z17>0,"زيادة","عجز")) -> مطابق | AB17: =V17-P17 -> 2852
A18: 46217 | B18: الثلاثاء | C18: يوليو 2026 | D18: مواصلات | F18: 49 | G18: سلفة | H18: أحمد | I18: 100 | P18: =F18+I18+L18+O18 -> 149 | Q18: 2370 | R18: 1075 | V18: =SUM(Q18:U18) -> 3445 | W18: 2370 | X18: 926 | Y18: =W18-Q18 -> 0 | Z18: =X18-(R18-P18) -> 0 | AA18: =IF(AND(Y18=0,Z18=0),"مطابق",IF(Y18+Z18>0,"زيادة","عجز")) -> مطابق | AB18: =V18-P18 -> 3296
A19: 46218 | B19: الأربعاء | C19: يوليو 2026 | D19: مواصلات | F19: 26 | P19: =F19+I19+L19+O19 -> 26 | Q19: 2755 | R19: 1277 | U19: 183 | V19: =SUM(Q19:U19) -> 4215 | W19: 2755 | X19: 1212 | Y19: =W19-Q19 -> 0 | Z19: =X19-(R19-P19) -> -39 | AA19: =IF(AND(Y19=0,Z19=0),"مطابق",IF(Y19+Z19>0,"زيادة","عجز")) -> عجز | AB19: =V19-P19 -> 4189
A20: 46219 | B20: الخميس | C20: يوليو 2026 | D20: ضيافة | F20: 22 | P20: =F20+I20+L20+O20 -> 22 | Q20: 3287 | R20: 900 | T20: 124 | V20: =SUM(Q20:U20) -> 4311 | W20: 3287 | X20: 878 | Y20: =W20-Q20 -> 0 | Z20: =X20-(R20-P20) -> 0 | AA20: =IF(AND(Y20=0,Z20=0),"مطابق",IF(Y20+Z20>0,"زيادة","عجز")) -> مطابق | AB20: =V20-P20 -> 4289
A21: 46220 | B21: الجمعة | C21: يوليو 2026 | D21: مستلزمات | F21: 132 | G21: ضيافة | I21: 75 | J21: سلفة | K21: يوسف | L21: 300 | P21: =F21+I21+L21+O21 -> 507 | Q21: 4060 | R21: 972 | V21: =SUM(Q21:U21) -> 5032 | W21: 4060 | X21: 495 | Y21: =W21-Q21 -> 0 | Z21: =X21-(R21-P21) -> 30 | AA21: =IF(AND(Y21=0,Z21=0),"مطابق",IF(Y21+Z21>0,"زيادة","عجز")) -> زيادة | AB21: =V21-P21 -> 4525
A22: 46221 | B22: السبت | C22: يوليو 2026 | D22: مستلزمات | F22: 65 | P22: =F22+I22+L22+O22 -> 65 | Q22: 2053 | R22: 799 | T22: 367 | V22: =SUM(Q22:U22) -> 3219 | W22: 2053 | X22: 700 | Y22: =W22-Q22 -> 0 | Z22: =X22-(R22-P22) -> -34 | AA22: =IF(AND(Y22=0,Z22=0),"مطابق",IF(Y22+Z22>0,"زيادة","عجز")) -> عجز | AB22: =V22-P22 -> 3154
A23: 46222 | B23: الأحد | C23: يوليو 2026 | D23: سلفة | E23: سامي | F23: 200 | P23: =F23+I23+L23+O23 -> 200 | Q23: 3158 | R23: 945 | V23: =SUM(Q23:U23) -> 4103 | W23: 3158 | X23: 745 | Y23: =W23-Q23 -> 0 | Z23: =X23-(R23-P23) -> 0 | AA23: =IF(AND(Y23=0,Z23=0),"مطابق",IF(Y23+Z23>0,"زيادة","عجز")) -> مطابق | AB23: =V23-P23 -> 3903
A24: 46223 | B24: الاثنين | C24: يوليو 2026 | D24: سلفة | E24: فارس | F24: 100 | G24: سلفة | H24: أحمد | I24: 100 | J24: مستلزمات | L24: 69 | P24: =F24+I24+L24+O24 -> 269 | Q24: 2257 | R24: 564 | S24: 212 | T24: 284 | V24: =SUM(Q24:U24) -> 3317 | W24: 2257 | X24: 295 | Y24: =W24-Q24 -> 0 | Z24: =X24-(R24-P24) -> 0 | AA24: =IF(AND(Y24=0,Z24=0),"مطابق",IF(Y24+Z24>0,"زيادة","عجز")) -> مطابق | AB24: =V24-P24 -> 3048
A25: 46224 | B25: الثلاثاء | C25: يوليو 2026 | D25: مستلزمات | F25: 121 | P25: =F25+I25+L25+O25 -> 121 | Q25: 1972 | R25: 1162 | U25: 170 | V25: =SUM(Q25:U25) -> 3304 | W25: 1972 | X25: 1041 | Y25: =W25-Q25 -> 0 | Z25: =X25-(R25-P25) -> 0 | AA25: =IF(AND(Y25=0,Z25=0),"مطابق",IF(Y25+Z25>0,"زيادة","عجز")) -> مطابق | AB25: =V25-P25 -> 3183
A26: 46225 | B26: الأربعاء | C26: يوليو 2026 | D26: مستلزمات | F26: 156 | G26: سلفة | H26: سامي | I26: 150 | P26: =F26+I26+L26+O26 -> 306 | Q26: 3046 | R26: 525 | U26: 134 | V26: =SUM(Q26:U26) -> 3705 | W26: 3046 | X26: 219 | Y26: =W26-Q26 -> 0 | Z26: =X26-(R26-P26) -> 0 | AA26: =IF(AND(Y26=0,Z26=0),"مطابق",IF(Y26+Z26>0,"زيادة","عجز")) -> مطابق | AB26: =V26-P26 -> 3399
A27: 46226 | B27: الخميس | C27: يوليو 2026 | D27: مواصلات | F27: 51 | G27: مواصلات | I27: 50 | J27: مستلزمات | L27: 116 | P27: =F27+I27+L27+O27 -> 217 | Q27: 2685 | R27: 913 | V27: =SUM(Q27:U27) -> 3598 | W27: 2685 | X27: 687 | Y27: =W27-Q27 -> 0 | Z27: =X27-(R27-P27) -> -9 | AA27: =IF(AND(Y27=0,Z27=0),"مطابق",IF(Y27+Z27>0,"زيادة","عجز")) -> عجز | AB27: =V27-P27 -> 3381
A28: 46227 | B28: الجمعة | C28: يوليو 2026 | D28: مستلزمات | F28: 151 | P28: =F28+I28+L28+O28 -> 151 | Q28: 3347 | R28: 1351 | V28: =SUM(Q28:U28) -> 4698 | W28: 3347 | X28: 1200 | Y28: =W28-Q28 -> 0 | Z28: =X28-(R28-P28) -> 0 | AA28: =IF(AND(Y28=0,Z28=0),"مطابق",IF(Y28+Z28>0,"زيادة","عجز")) -> مطابق | AB28: =V28-P28 -> 4547
A29: 46228 | B29: السبت | C29: يوليو 2026 | D29: مستلزمات | F29: 32 | P29: =F29+I29+L29+O29 -> 32 | Q29: 2857 | R29: 1251 | V29: =SUM(Q29:U29) -> 4108 | W29: 2857 | X29: 1219 | Y29: =W29-Q29 -> 0 | Z29: =X29-(R29-P29) -> 0 | AA29: =IF(AND(Y29=0,Z29=0),"مطابق",IF(Y29+Z29>0,"زيادة","عجز")) -> مطابق | AB29: =V29-P29 -> 4076
A30: 46229 | B30: الأحد | C30: يوليو 2026 | D30: سلفة | E30: فارس | F30: 150 | G30: مستلزمات | I30: 111 | P30: =F30+I30+L30+O30 -> 261 | Q30: 2877 | R30: 1050 | V30: =SUM(Q30:U30) -> 3927 | W30: 2877 | X30: 789 | Y30: =W30-Q30 -> 0 | Z30: =X30-(R30-P30) -> 0 | AA30: =IF(AND(Y30=0,Z30=0),"مطابق",IF(Y30+Z30>0,"زيادة","عجز")) -> مطابق | AB30: =V30-P30 -> 3666
A31: 46230 | B31: الاثنين | C31: يوليو 2026 | D31: مواصلات | F31: 28 | G31: سلفة | H31: سامي | I31: 100 | J31: مواصلات | L31: 54 | P31: =F31+I31+L31+O31 -> 182 | Q31: 1859 | R31: 867 | T31: 186 | V31: =SUM(Q31:U31) -> 2912 | W31: 1859 | X31: 706 | Y31: =W31-Q31 -> 0 | Z31: =X31-(R31-P31) -> 21 | AA31: =IF(AND(Y31=0,Z31=0),"مطابق",IF(Y31+Z31>0,"زيادة","عجز")) -> زيادة | AB31: =V31-P31 -> 2730
A32: 46231 | B32: الثلاثاء | C32: يوليو 2026 | D32: سلفة | E32: فارس | F32: 150 | G32: سلفة | H32: فارس | I32: 150 | J32: مواصلات | L32: 50 | P32: =F32+I32+L32+O32 -> 350 | Q32: 2309 | R32: 739 | S32: 142 | U32: 252 | V32: =SUM(Q32:U32) -> 3442 | W32: 2309 | X32: 389 | Y32: =W32-Q32 -> 0 | Z32: =X32-(R32-P32) -> 0 | AA32: =IF(AND(Y32=0,Z32=0),"مطابق",IF(Y32+Z32>0,"زيادة","عجز")) -> مطابق | AB32: =V32-P32 -> 3092
A33: 46232 | B33: الأربعاء | C33: يوليو 2026 | D33: مواصلات | F33: 26 | G33: مستلزمات | I33: 62 | J33: سلفة | K33: أحمد | L33: 150 | P33: =F33+I33+L33+O33 -> 238 | Q33: 2962 | R33: 611 | S33: 286 | V33: =SUM(Q33:U33) -> 3859 | W33: 2962 | X33: 373 | Y33: =W33-Q33 -> 0 | Z33: =X33-(R33-P33) -> 0 | AA33: =IF(AND(Y33=0,Z33=0),"مطابق",IF(Y33+Z33>0,"زيادة","عجز")) -> مطابق | AB33: =V33-P33 -> 3621
A34: 46233 | B34: الخميس | C34: يوليو 2026 | D34: مستلزمات | F34: 31 | G34: مستلزمات | I34: 114 | J34: مستلزمات | L34: 138 | P34: =F34+I34+L34+O34 -> 283 | Q34: 3541 | R34: 1627 | S34: 111 | V34: =SUM(Q34:U34) -> 5279 | W34: 3541 | X34: 1344 | Y34: =W34-Q34 -> 0 | Z34: =X34-(R34-P34) -> 0 | AA34: =IF(AND(Y34=0,Z34=0),"مطابق",IF(Y34+Z34>0,"زيادة","عجز")) -> مطابق | AB34: =V34-P34 -> 4996
A35: 46234 | B35: الجمعة | C35: يوليو 2026 | D35: مواصلات | F35: 20 | G35: ضيافة | I35: 42 | P35: =F35+I35+L35+O35 -> 62 | Q35: 4521 | R35: 852 | T35: 307 | V35: =SUM(Q35:U35) -> 5680 | W35: 4521 | X35: 790 | Y35: =W35-Q35 -> 0 | Z35: =X35-(R35-P35) -> 0 | AA35: =IF(AND(Y35=0,Z35=0),"مطابق",IF(Y35+Z35>0,"زيادة","عجز")) -> مطابق | AB35: =V35-P35 -> 5618
A36: 46235 | B36: السبت | C36: أغسطس 2026 | D36: مواصلات | F36: 45 | G36: مستلزمات | I36: 120 | P36: =F36+I36+L36+O36 -> 165 | Q36: 2494 | R36: 1215 | V36: =SUM(Q36:U36) -> 3709 | W36: 2494 | X36: 1050 | Y36: =W36-Q36 -> 0 | Z36: =X36-(R36-P36) -> 0 | AA36: =IF(AND(Y36=0,Z36=0),"مطابق",IF(Y36+Z36>0,"زيادة","عجز")) -> مطابق | AB36: =V36-P36 -> 3544
A37: 46236 | B37: الأحد | C37: أغسطس 2026 | D37: مستلزمات | F37: 100 | G37: سلفة | H37: أحمد | I37: 100 | P37: =F37+I37+L37+O37 -> 200 | Q37: 3351 | R37: 838 | S37: 287 | V37: =SUM(Q37:U37) -> 4476 | W37: 3351 | X37: 668 | Y37: =W37-Q37 -> 0 | Z37: =X37-(R37-P37) -> 30 | AA37: =IF(AND(Y37=0,Z37=0),"مطابق",IF(Y37+Z37>0,"زيادة","عجز")) -> زيادة | AB37: =V37-P37 -> 4276
A38: 46237 | B38: الاثنين | C38: أغسطس 2026 | D38: ضيافة | F38: 65 | P38: =F38+I38+L38+O38 -> 65 | Q38: 2566 | R38: 469 | T38: 127 | V38: =SUM(Q38:U38) -> 3162 | W38: 2566 | X38: 404 | Y38: =W38-Q38 -> 0 | Z38: =X38-(R38-P38) -> 0 | AA38: =IF(AND(Y38=0,Z38=0),"مطابق",IF(Y38+Z38>0,"زيادة","عجز")) -> مطابق | AB38: =V38-P38 -> 3097
A39: 46238 | B39: الثلاثاء | C39: أغسطس 2026 | D39: مستلزمات | F39: 78 | P39: =F39+I39+L39+O39 -> 78 | Q39: 2947 | R39: 848 | U39: 184 | V39: =SUM(Q39:U39) -> 3979 | W39: 2947 | X39: 770 | Y39: =W39-Q39 -> 0 | Z39: =X39-(R39-P39) -> 0 | AA39: =IF(AND(Y39=0,Z39=0),"مطابق",IF(Y39+Z39>0,"زيادة","عجز")) -> مطابق | AB39: =V39-P39 -> 3901
A40: 46239 | B40: الأربعاء | C40: أغسطس 2026 | D40: مواصلات | F40: 53 | G40: مستلزمات | I40: 124 | P40: =F40+I40+L40+O40 -> 177 | Q40: 1826 | R40: 1254 | V40: =SUM(Q40:U40) -> 3080 | W40: 1826 | X40: 1077 | Y40: =W40-Q40 -> 0 | Z40: =X40-(R40-P40) -> 0 | AA40: =IF(AND(Y40=0,Z40=0),"مطابق",IF(Y40+Z40>0,"زيادة","عجز")) -> مطابق | AB40: =V40-P40 -> 2903
A41: 46240 | B41: الخميس | C41: أغسطس 2026 | D41: مواصلات | F41: 38 | G41: مستلزمات | I41: 85 | P41: =F41+I41+L41+O41 -> 123 | Q41: 4175 | R41: 1527 | V41: =SUM(Q41:U41) -> 5702 | W41: 4175 | X41: 1404 | Y41: =W41-Q41 -> 0 | Z41: =X41-(R41-P41) -> 0 | AA41: =IF(AND(Y41=0,Z41=0),"مطابق",IF(Y41+Z41>0,"زيادة","عجز")) -> مطابق | AB41: =V41-P41 -> 5579
A42: 46241 | B42: الجمعة | C42: أغسطس 2026 | D42: مواصلات | F42: 33 | G42: سلفة | H42: أحمد | I42: 200 | J42: مستلزمات | L42: 150 | P42: =F42+I42+L42+O42 -> 383 | Q42: 2507 | R42: 1709 | S42: 413 | V42: =SUM(Q42:U42) -> 4629 | W42: 2507 | X42: 1320 | Y42: =W42-Q42 -> 0 | Z42: =X42-(R42-P42) -> -6 | AA42: =IF(AND(Y42=0,Z42=0),"مطابق",IF(Y42+Z42>0,"زيادة","عجز")) -> عجز | AB42: =V42-P42 -> 4246
A43: 46242 | B43: السبت | C43: أغسطس 2026 | D43: سلفة | E43: سامي | F43: 100 | P43: =F43+I43+L43+O43 -> 100 | Q43: 2734 | R43: 652 | S43: 359 | T43: 212 | V43: =SUM(Q43:U43) -> 3957 | W43: 2734 | X43: 552 | Y43: =W43-Q43 -> 0 | Z43: =X43-(R43-P43) -> 0 | AA43: =IF(AND(Y43=0,Z43=0),"مطابق",IF(Y43+Z43>0,"زيادة","عجز")) -> مطابق | AB43: =V43-P43 -> 3857
A44: 46243 | B44: الأحد | C44: أغسطس 2026 | D44: مواصلات | F44: 45 | P44: =F44+I44+L44+O44 -> 45 | Q44: 2119 | R44: 1093 | S44: 216 | T44: 290 | V44: =SUM(Q44:U44) -> 3718 | W44: 2119 | X44: 1048 | Y44: =W44-Q44 -> 0 | Z44: =X44-(R44-P44) -> 0 | AA44: =IF(AND(Y44=0,Z44=0),"مطابق",IF(Y44+Z44>0,"زيادة","عجز")) -> مطابق | AB44: =V44-P44 -> 3673
A45: 46244 | B45: الاثنين | C45: أغسطس 2026 | D45: ضيافة | F45: 36 | G45: سلفة | H45: سامي | I45: 150 | J45: مستلزمات | L45: 108 | P45: =F45+I45+L45+O45 -> 294 | Q45: 2680 | R45: 568 | T45: 371 | V45: =SUM(Q45:U45) -> 3619 | W45: 2680 | X45: 274 | Y45: =W45-Q45 -> 0 | Z45: =X45-(R45-P45) -> 0 | AA45: =IF(AND(Y45=0,Z45=0),"مطابق",IF(Y45+Z45>0,"زيادة","عجز")) -> مطابق | AB45: =V45-P45 -> 3325
A46: 46245 | B46: الثلاثاء | C46: أغسطس 2026 | D46: مستلزمات | F46: 67 | P46: =F46+I46+L46+O46 -> 67 | Q46: 2744 | R46: 656 | T46: 278 | V46: =SUM(Q46:U46) -> 3678 | W46: 2744 | X46: 589 | Y46: =W46-Q46 -> 0 | Z46: =X46-(R46-P46) -> 0 | AA46: =IF(AND(Y46=0,Z46=0),"مطابق",IF(Y46+Z46>0,"زيادة","عجز")) -> مطابق | AB46: =V46-P46 -> 3611
A47: 46246 | B47: الأربعاء | C47: أغسطس 2026 | D47: مواصلات | F47: 43 | G47: مستلزمات | I47: 94 | P47: =F47+I47+L47+O47 -> 137 | Q47: 3317 | R47: 774 | V47: =SUM(Q47:U47) -> 4091 | W47: 3317 | X47: 637 | Y47: =W47-Q47 -> 0 | Z47: =X47-(R47-P47) -> 0 | AA47: =IF(AND(Y47=0,Z47=0),"مطابق",IF(Y47+Z47>0,"زيادة","عجز")) -> مطابق | AB47: =V47-P47 -> 3954
A48: 46247 | B48: الخميس | C48: أغسطس 2026 | D48: مواصلات | F48: 21 | P48: =F48+I48+L48+O48 -> 21 | Q48: 4197 | R48: 724 | U48: 243 | V48: =SUM(Q48:U48) -> 5164 | W48: 4197 | X48: 712 | Y48: =W48-Q48 -> 0 | Z48: =X48-(R48-P48) -> 9 | AA48: =IF(AND(Y48=0,Z48=0),"مطابق",IF(Y48+Z48>0,"زيادة","عجز")) -> زيادة | AB48: =V48-P48 -> 5143
A49: 46248 | B49: الجمعة | C49: أغسطس 2026 | D49: سلفة | E49: فارس | F49: 200 | G49: سلفة | H49: خالد | I49: 300 | P49: =F49+I49+L49+O49 -> 500 | Q49: 3589 | R49: 846 | S49: 267 | T49: 260 | V49: =SUM(Q49:U49) -> 4962 | W49: 3589 | X49: 346 | Y49: =W49-Q49 -> 0 | Z49: =X49-(R49-P49) -> 0 | AA49: =IF(AND(Y49=0,Z49=0),"مطابق",IF(Y49+Z49>0,"زيادة","عجز")) -> مطابق | AB49: =V49-P49 -> 4462
A50: 46249 | B50: السبت | C50: أغسطس 2026 | D50: مواصلات | F50: 39 | G50: سلفة | H50: سامي | I50: 300 | J50: ضيافة | L50: 75 | P50: =F50+I50+L50+O50 -> 414 | Q50: 2981 | R50: 1130 | S50: 255 | T50: 197 | V50: =SUM(Q50:U50) -> 4563 | W50: 2981 | X50: 716 | Y50: =W50-Q50 -> 0 | Z50: =X50-(R50-P50) -> 0 | AA50: =IF(AND(Y50=0,Z50=0),"مطابق",IF(Y50+Z50>0,"زيادة","عجز")) -> مطابق | AB50: =V50-P50 -> 4149
A51: 46250 | B51: الأحد | C51: أغسطس 2026 | D51: سلفة | E51: سامي | F51: 100 | P51: =F51+I51+L51+O51 -> 100 | Q51: 2585 | R51: 785 | V51: =SUM(Q51:U51) -> 3370 | W51: 2585 | X51: 685 | Y51: =W51-Q51 -> 0 | Z51: =X51-(R51-P51) -> 0 | AA51: =IF(AND(Y51=0,Z51=0),"مطابق",IF(Y51+Z51>0,"زيادة","عجز")) -> مطابق | AB51: =V51-P51 -> 3270
A52: 46251 | B52: الاثنين | C52: أغسطس 2026 | D52: مواصلات | F52: 36 | P52: =F52+I52+L52+O52 -> 36 | Q52: 2314 | R52: 1213 | U52: 192 | V52: =SUM(Q52:U52) -> 3719 | W52: 2314 | X52: 1177 | Y52: =W52-Q52 -> 0 | Z52: =X52-(R52-P52) -> 0 | AA52: =IF(AND(Y52=0,Z52=0),"مطابق",IF(Y52+Z52>0,"زيادة","عجز")) -> مطابق | AB52: =V52-P52 -> 3683
A53: 46252 | B53: الثلاثاء | C53: أغسطس 2026 | D53: سلفة | E53: سامي | F53: 300 | P53: =F53+I53+L53+O53 -> 300 | Q53: 2039 | R53: 846 | T53: 359 | V53: =SUM(Q53:U53) -> 3244 | W53: 2039 | X53: 546 | Y53: =W53-Q53 -> 0 | Z53: =X53-(R53-P53) -> 0 | AA53: =IF(AND(Y53=0,Z53=0),"مطابق",IF(Y53+Z53>0,"زيادة","عجز")) -> مطابق | AB53: =V53-P53 -> 2944
A54: 46253 | B54: الأربعاء | C54: أغسطس 2026 | D54: سلفة | E54: خالد | F54: 200 | P54: =F54+I54+L54+O54 -> 200 | Q54: 1958 | R54: 490 | S54: 142 | V54: =SUM(Q54:U54) -> 2590 | W54: 1951 | X54: 290 | Y54: =W54-Q54 -> -7 | Z54: =X54-(R54-P54) -> 0 | AA54: =IF(AND(Y54=0,Z54=0),"مطابق",IF(Y54+Z54>0,"زيادة","عجز")) -> عجز | AB54: =V54-P54 -> 2390
A55: 46254 | B55: الخميس | C55: أغسطس 2026 | D55: مواصلات | F55: 31 | P55: =F55+I55+L55+O55 -> 31 | Q55: 4055 | R55: 1079 | S55: 295 | V55: =SUM(Q55:U55) -> 5429 | W55: 4055 | X55: 1048 | Y55: =W55-Q55 -> 0 | Z55: =X55-(R55-P55) -> 0 | AA55: =IF(AND(Y55=0,Z55=0),"مطابق",IF(Y55+Z55>0,"زيادة","عجز")) -> مطابق | AB55: =V55-P55 -> 5398
A56: 46255 | B56: الجمعة | C56: أغسطس 2026 | D56: مستلزمات | F56: 30 | G56: مستلزمات | I56: 61 | P56: =F56+I56+L56+O56 -> 91 | Q56: 3057 | R56: 1455 | T56: 304 | V56: =SUM(Q56:U56) -> 4816 | W56: 3057 | X56: 1364 | Y56: =W56-Q56 -> 0 | Z56: =X56-(R56-P56) -> 0 | AA56: =IF(AND(Y56=0,Z56=0),"مطابق",IF(Y56+Z56>0,"زيادة","عجز")) -> مطابق | AB56: =V56-P56 -> 4725
A57: 46256 | B57: السبت | C57: أغسطس 2026 | D57: سلفة | E57: يوسف | F57: 300 | G57: مستلزمات | I57: 135 | P57: =F57+I57+L57+O57 -> 435 | Q57: 2774 | R57: 1024 | T57: 316 | U57: 217 | V57: =SUM(Q57:U57) -> 4331 | W57: 2774 | X57: 589 | Y57: =W57-Q57 -> 0 | Z57: =X57-(R57-P57) -> 0 | AA57: =IF(AND(Y57=0,Z57=0),"مطابق",IF(Y57+Z57>0,"زيادة","عجز")) -> مطابق | AB57: =V57-P57 -> 3896
A58: 46257 | B58: الأحد | C58: أغسطس 2026 | D58: سلفة | E58: خالد | F58: 100 | P58: =F58+I58+L58+O58 -> 100 | Q58: 3069 | R58: 549 | V58: =SUM(Q58:U58) -> 3618 | W58: 3069 | X58: 457 | Y58: =W58-Q58 -> 0 | Z58: =X58-(R58-P58) -> 8 | AA58: =IF(AND(Y58=0,Z58=0),"مطابق",IF(Y58+Z58>0,"زيادة","عجز")) -> زيادة | AB58: =V58-P58 -> 3518
A59: 46258 | B59: الاثنين | C59: أغسطس 2026 | D59: مواصلات | F59: 23 | G59: ضيافة | I59: 79 | J59: مستلزمات | L59: 78 | P59: =F59+I59+L59+O59 -> 180 | Q59: 2813 | R59: 496 | V59: =SUM(Q59:U59) -> 3309 | W59: 2823 | X59: 316 | Y59: =W59-Q59 -> 10 | Z59: =X59-(R59-P59) -> 0 | AA59: =IF(AND(Y59=0,Z59=0),"مطابق",IF(Y59+Z59>0,"زيادة","عجز")) -> زيادة | AB59: =V59-P59 -> 3129
A60: 46259 | B60: الثلاثاء | C60: أغسطس 2026 | D60: مواصلات | F60: 21 | G60: سلفة | H60: خالد | I60: 200 | P60: =F60+I60+L60+O60 -> 221 | Q60: 3376 | R60: 590 | T60: 138 | U60: 264 | V60: =SUM(Q60:U60) -> 4368 | W60: 3376 | X60: 369 | Y60: =W60-Q60 -> 0 | Z60: =X60-(R60-P60) -> 0 | AA60: =IF(AND(Y60=0,Z60=0),"مطابق",IF(Y60+Z60>0,"زيادة","عجز")) -> مطابق | AB60: =V60-P60 -> 4147
A61: 46260 | B61: الأربعاء | C61: أغسطس 2026 | D61: مستلزمات | F61: 107 | P61: =F61+I61+L61+O61 -> 107 | Q61: 2375 | R61: 1272 | V61: =SUM(Q61:U61) -> 3647 | W61: 2375 | X61: 1165 | Y61: =W61-Q61 -> 0 | Z61: =X61-(R61-P61) -> 0 | AA61: =IF(AND(Y61=0,Z61=0),"مطابق",IF(Y61+Z61>0,"زيادة","عجز")) -> مطابق | AB61: =V61-P61 -> 3540
A62: 46261 | B62: الخميس | C62: أغسطس 2026 | D62: مستلزمات | F62: 122 | G62: مواصلات | I62: 19 | P62: =F62+I62+L62+O62 -> 141 | Q62: 3432 | R62: 1007 | V62: =SUM(Q62:U62) -> 4439 | W62: 3432 | X62: 866 | Y62: =W62-Q62 -> 0 | Z62: =X62-(R62-P62) -> 0 | AA62: =IF(AND(Y62=0,Z62=0),"مطابق",IF(Y62+Z62>0,"زيادة","عجز")) -> مطابق | AB62: =V62-P62 -> 4298
A63: 46262 | B63: الجمعة | C63: أغسطس 2026 | D63: سلفة | E63: سامي | F63: 300 | G63: سلفة | H63: ماجد | I63: 300 | P63: =F63+I63+L63+O63 -> 600 | Q63: 3584 | R63: 1742 | T63: 307 | V63: =SUM(Q63:U63) -> 5633 | W63: 3584 | X63: 1142 | Y63: =W63-Q63 -> 0 | Z63: =X63-(R63-P63) -> 0 | AA63: =IF(AND(Y63=0,Z63=0),"مطابق",IF(Y63+Z63>0,"زيادة","عجز")) -> مطابق | AB63: =V63-P63 -> 5033
A64: 46263 | B64: السبت | C64: أغسطس 2026 | D64: ضيافة | F64: 73 | P64: =F64+I64+L64+O64 -> 73 | Q64: 3257 | R64: 490 | V64: =SUM(Q64:U64) -> 3747 | W64: 3257 | X64: 417 | Y64: =W64-Q64 -> 0 | Z64: =X64-(R64-P64) -> 0 | AA64: =IF(AND(Y64=0,Z64=0),"مطابق",IF(Y64+Z64>0,"زيادة","عجز")) -> مطابق | AB64: =V64-P64 -> 3674
A65: 46264 | B65: الأحد | C65: أغسطس 2026 | D65: مستلزمات | F65: 45 | G65: مستلزمات | I65: 81 | J65: مستلزمات | L65: 133 | P65: =F65+I65+L65+O65 -> 259 | Q65: 3141 | R65: 1031 | S65: 264 | U65: 268 | V65: =SUM(Q65:U65) -> 4704 | W65: 3141 | X65: 772 | Y65: =W65-Q65 -> 0 | Z65: =X65-(R65-P65) -> 0 | AA65: =IF(AND(Y65=0,Z65=0),"مطابق",IF(Y65+Z65>0,"زيادة","عجز")) -> مطابق | AB65: =V65-P65 -> 4445
A66: 46265 | B66: الاثنين | C66: أغسطس 2026 | D66: مستلزمات | F66: 138 | P66: =F66+I66+L66+O66 -> 138 | Q66: 3293 | R66: 494 | T66: 158 | V66: =SUM(Q66:U66) -> 3945 | W66: 3293 | X66: 356 | Y66: =W66-Q66 -> 0 | Z66: =X66-(R66-P66) -> 0 | AA66: =IF(AND(Y66=0,Z66=0),"مطابق",IF(Y66+Z66>0,"زيادة","عجز")) -> مطابق | AB66: =V66-P66 -> 3807
A67: 46266 | B67: الثلاثاء | C67: سبتمبر 2026 | D67: مواصلات | F67: 34 | P67: =F67+I67+L67+O67 -> 34 | Q67: 1814 | R67: 483 | T67: 211 | V67: =SUM(Q67:U67) -> 2508 | W67: 1814 | X67: 449 | Y67: =W67-Q67 -> 0 | Z67: =X67-(R67-P67) -> 0 | AA67: =IF(AND(Y67=0,Z67=0),"مطابق",IF(Y67+Z67>0,"زيادة","عجز")) -> مطابق | AB67: =V67-P67 -> 2474
A68: 46267 | B68: الأربعاء | C68: سبتمبر 2026 | D68: سلفة | E68: ماجد | F68: 200 | G68: مستلزمات | I68: 147 | P68: =F68+I68+L68+O68 -> 347 | Q68: 2690 | R68: 621 | T68: 347 | V68: =SUM(Q68:U68) -> 3658 | W68: 2690 | X68: 274 | Y68: =W68-Q68 -> 0 | Z68: =X68-(R68-P68) -> 0 | AA68: =IF(AND(Y68=0,Z68=0),"مطابق",IF(Y68+Z68>0,"زيادة","عجز")) -> مطابق | AB68: =V68-P68 -> 3311
A69: 46268 | B69: الخميس | C69: سبتمبر 2026 | D69: مواصلات | F69: 48 | G69: مستلزمات | I69: 137 | P69: =F69+I69+L69+O69 -> 185 | Q69: 4276 | R69: 1434 | S69: 360 | U69: 155 | V69: =SUM(Q69:U69) -> 6225 | W69: 4276 | X69: 1249 | Y69: =W69-Q69 -> 0 | Z69: =X69-(R69-P69) -> 0 | AA69: =IF(AND(Y69=0,Z69=0),"مطابق",IF(Y69+Z69>0,"زيادة","عجز")) -> مطابق | AB69: =V69-P69 -> 6040
A70: 46269 | B70: الجمعة | C70: سبتمبر 2026 | D70: مواصلات | F70: 45 | P70: =F70+I70+L70+O70 -> 45 | Q70: 2710 | R70: 1696 | V70: =SUM(Q70:U70) -> 4406 | W70: 2710 | X70: 1651 | Y70: =W70-Q70 -> 0 | Z70: =X70-(R70-P70) -> 0 | AA70: =IF(AND(Y70=0,Z70=0),"مطابق",IF(Y70+Z70>0,"زيادة","عجز")) -> مطابق | AB70: =V70-P70 -> 4361
A71: 46270 | B71: السبت | C71: سبتمبر 2026 | D71: مواصلات | F71: 18 | G71: سلفة | H71: ماجد | I71: 100 | J71: سلفة | K71: سامي | L71: 100 | P71: =F71+I71+L71+O71 -> 218 | Q71: 2006 | R71: 1133 | U71: 224 | V71: =SUM(Q71:U71) -> 3363 | W71: 2006 | X71: 915 | Y71: =W71-Q71 -> 0 | Z71: =X71-(R71-P71) -> 0 | AA71: =IF(AND(Y71=0,Z71=0),"مطابق",IF(Y71+Z71>0,"زيادة","عجز")) -> مطابق | AB71: =V71-P71 -> 3145
A72: 46271 | B72: الأحد | C72: سبتمبر 2026 | D72: مستلزمات | F72: 144 | G72: مواصلات | I72: 60 | P72: =F72+I72+L72+O72 -> 204 | Q72: 3086 | R72: 582 | T72: 130 | V72: =SUM(Q72:U72) -> 3798 | W72: 3086 | X72: 378 | Y72: =W72-Q72 -> 0 | Z72: =X72-(R72-P72) -> 0 | AA72: =IF(AND(Y72=0,Z72=0),"مطابق",IF(Y72+Z72>0,"زيادة","عجز")) -> مطابق | AB72: =V72-P72 -> 3594
A73: 46272 | B73: الاثنين | C73: سبتمبر 2026 | D73: مواصلات | F73: 34 | P73: =F73+I73+L73+O73 -> 34 | Q73: 2369 | R73: 518 | V73: =SUM(Q73:U73) -> 2887 | W73: 2344 | X73: 484 | Y73: =W73-Q73 -> -25 | Z73: =X73-(R73-P73) -> 0 | AA73: =IF(AND(Y73=0,Z73=0),"مطابق",IF(Y73+Z73>0,"زيادة","عجز")) -> عجز | AB73: =V73-P73 -> 2853
A74: 46273 | B74: الثلاثاء | C74: سبتمبر 2026 | D74: مستلزمات | F74: 160 | P74: =F74+I74+L74+O74 -> 160 | Q74: 2489 | R74: 534 | V74: =SUM(Q74:U74) -> 3023 | W74: 2489 | X74: 403 | Y74: =W74-Q74 -> 0 | Z74: =X74-(R74-P74) -> 29 | AA74: =IF(AND(Y74=0,Z74=0),"مطابق",IF(Y74+Z74>0,"زيادة","عجز")) -> زيادة | AB74: =V74-P74 -> 2863
A75: 46274 | B75: الأربعاء | C75: سبتمبر 2026 | D75: مستلزمات | F75: 78 | P75: =F75+I75+L75+O75 -> 78 | Q75: 2519 | R75: 467 | V75: =SUM(Q75:U75) -> 2986 | W75: 2519 | X75: 389 | Y75: =W75-Q75 -> 0 | Z75: =X75-(R75-P75) -> 0 | AA75: =IF(AND(Y75=0,Z75=0),"مطابق",IF(Y75+Z75>0,"زيادة","عجز")) -> مطابق | AB75: =V75-P75 -> 2908
A76: 46275 | B76: الخميس | C76: سبتمبر 2026 | D76: مواصلات | F76: 35 | P76: =F76+I76+L76+O76 -> 35 | Q76: 2648 | R76: 1089 | U76: 283 | V76: =SUM(Q76:U76) -> 4020 | W76: 2648 | X76: 1054 | Y76: =W76-Q76 -> 0 | Z76: =X76-(R76-P76) -> 0 | AA76: =IF(AND(Y76=0,Z76=0),"مطابق",IF(Y76+Z76>0,"زيادة","عجز")) -> مطابق | AB76: =V76-P76 -> 3985
A77: 46276 | B77: الجمعة | C77: سبتمبر 2026 | D77: مستلزمات | F77: 53 | G77: سلفة | H77: ماجد | I77: 150 | J77: مواصلات | L77: 24 | P77: =F77+I77+L77+O77 -> 227 | Q77: 4521 | R77: 871 | V77: =SUM(Q77:U77) -> 5392 | W77: 4521 | X77: 644 | Y77: =W77-Q77 -> 0 | Z77: =X77-(R77-P77) -> 0 | AA77: =IF(AND(Y77=0,Z77=0),"مطابق",IF(Y77+Z77>0,"زيادة","عجز")) -> مطابق | AB77: =V77-P77 -> 5165
A78: 46277 | B78: السبت | C78: سبتمبر 2026 | D78: مواصلات | F78: 23 | P78: =F78+I78+L78+O78 -> 23 | Q78: 2779 | R78: 1284 | S78: 85 | V78: =SUM(Q78:U78) -> 4148 | W78: 2779 | X78: 1261 | Y78: =W78-Q78 -> 0 | Z78: =X78-(R78-P78) -> 0 | AA78: =IF(AND(Y78=0,Z78=0),"مطابق",IF(Y78+Z78>0,"زيادة","عجز")) -> مطابق | AB78: =V78-P78 -> 4125
A79: 46278 | B79: الأحد | C79: سبتمبر 2026 | D79: سلفة | E79: فارس | F79: 300 | P79: =F79+I79+L79+O79 -> 300 | Q79: 2908 | R79: 471 | S79: 379 | V79: =SUM(Q79:U79) -> 3758 | W79: 2908 | X79: 171 | Y79: =W79-Q79 -> 0 | Z79: =X79-(R79-P79) -> 0 | AA79: =IF(AND(Y79=0,Z79=0),"مطابق",IF(Y79+Z79>0,"زيادة","عجز")) -> مطابق | AB79: =V79-P79 -> 3458
A80: 46279 | B80: الاثنين | C80: سبتمبر 2026 | D80: مواصلات | F80: 26 | P80: =F80+I80+L80+O80 -> 26 | Q80: 3380 | R80: 850 | T80: 358 | V80: =SUM(Q80:U80) -> 4588 | W80: 3380 | X80: 824 | Y80: =W80-Q80 -> 0 | Z80: =X80-(R80-P80) -> 0 | AA80: =IF(AND(Y80=0,Z80=0),"مطابق",IF(Y80+Z80>0,"زيادة","عجز")) -> مطابق | AB80: =V80-P80 -> 4562
A81: 46280 | B81: الثلاثاء | C81: سبتمبر 2026 | D81: مستلزمات | F81: 155 | P81: =F81+I81+L81+O81 -> 155 | Q81: 2530 | R81: 467 | S81: 124 | T81: 225 | V81: =SUM(Q81:U81) -> 3346 | W81: 2530 | X81: 312 | Y81: =W81-Q81 -> 0 | Z81: =X81-(R81-P81) -> 0 | AA81: =IF(AND(Y81=0,Z81=0),"مطابق",IF(Y81+Z81>0,"زيادة","عجز")) -> مطابق | AB81: =V81-P81 -> 3191
A82: 46281 | B82: الأربعاء | C82: سبتمبر 2026 | D82: مواصلات | F82: 56 | P82: =F82+I82+L82+O82 -> 56 | Q82: 2122 | R82: 1252 | U82: 187 | V82: =SUM(Q82:U82) -> 3561 | W82: 2122 | X82: 1196 | Y82: =W82-Q82 -> 0 | Z82: =X82-(R82-P82) -> 0 | AA82: =IF(AND(Y82=0,Z82=0),"مطابق",IF(Y82+Z82>0,"زيادة","عجز")) -> مطابق | AB82: =V82-P82 -> 3505
A83: 46282 | B83: الخميس | C83: سبتمبر 2026 | D83: مستلزمات | F83: 57 | P83: =F83+I83+L83+O83 -> 57 | Q83: 3791 | R83: 691 | T83: 129 | V83: =SUM(Q83:U83) -> 4611 | W83: 3791 | X83: 634 | Y83: =W83-Q83 -> 0 | Z83: =X83-(R83-P83) -> 0 | AA83: =IF(AND(Y83=0,Z83=0),"مطابق",IF(Y83+Z83>0,"زيادة","عجز")) -> مطابق | AB83: =V83-P83 -> 4554
A84: 46283 | B84: الجمعة | C84: سبتمبر 2026 | D84: مواصلات | F84: 28 | G84: سلفة | H84: أحمد | I84: 150 | J84: مواصلات | L84: 38 | P84: =F84+I84+L84+O84 -> 216 | Q84: 3188 | R84: 787 | V84: =SUM(Q84:U84) -> 3975 | W84: 3188 | X84: 571 | Y84: =W84-Q84 -> 0 | Z84: =X84-(R84-P84) -> 0 | AA84: =IF(AND(Y84=0,Z84=0),"مطابق",IF(Y84+Z84>0,"زيادة","عجز")) -> مطابق | AB84: =V84-P84 -> 3759
A85: 46284 | B85: السبت | C85: سبتمبر 2026 | D85: مستلزمات | F85: 33 | G85: ضيافة | I85: 64 | P85: =F85+I85+L85+O85 -> 97 | Q85: 2009 | R85: 599 | S85: 153 | T85: 350 | U85: 141 | V85: =SUM(Q85:U85) -> 3252 | W85: 2009 | X85: 502 | Y85: =W85-Q85 -> 0 | Z85: =X85-(R85-P85) -> 0 | AA85: =IF(AND(Y85=0,Z85=0),"مطابق",IF(Y85+Z85>0,"زيادة","عجز")) -> مطابق | AB85: =V85-P85 -> 3155
A86: 46285 | B86: الأحد | C86: سبتمبر 2026 | D86: مستلزمات | F86: 133 | G86: مستلزمات | I86: 52 | P86: =F86+I86+L86+O86 -> 185 | Q86: 3010 | R86: 816 | U86: 223 | V86: =SUM(Q86:U86) -> 4049 | W86: 3010 | X86: 631 | Y86: =W86-Q86 -> 0 | Z86: =X86-(R86-P86) -> 0 | AA86: =IF(AND(Y86=0,Z86=0),"مطابق",IF(Y86+Z86>0,"زيادة","عجز")) -> مطابق | AB86: =V86-P86 -> 3864
A87: 46286 | B87: الاثنين | C87: سبتمبر 2026 | D87: مواصلات | F87: 47 | G87: ضيافة | I87: 74 | P87: =F87+I87+L87+O87 -> 121 | Q87: 2345 | R87: 692 | T87: 123 | U87: 110 | V87: =SUM(Q87:U87) -> 3270 | W87: 2345 | X87: 571 | Y87: =W87-Q87 -> 0 | Z87: =X87-(R87-P87) -> 0 | AA87: =IF(AND(Y87=0,Z87=0),"مطابق",IF(Y87+Z87>0,"زيادة","عجز")) -> مطابق | AB87: =V87-P87 -> 3149
A88: 46287 | B88: الثلاثاء | C88: سبتمبر 2026 | D88: مستلزمات | F88: 110 | P88: =F88+I88+L88+O88 -> 110 | Q88: 3011 | R88: 960 | V88: =SUM(Q88:U88) -> 3971 | W88: 3011 | X88: 850 | Y88: =W88-Q88 -> 0 | Z88: =X88-(R88-P88) -> 0 | AA88: =IF(AND(Y88=0,Z88=0),"مطابق",IF(Y88+Z88>0,"زيادة","عجز")) -> مطابق | AB88: =V88-P88 -> 3861
A89: 46288 | B89: الأربعاء | C89: سبتمبر 2026 | D89: سلفة | E89: فارس | F89: 150 | G89: ضيافة | I89: 22 | J89: مستلزمات | L89: 134 | P89: =F89+I89+L89+O89 -> 306 | Q89: 3269 | R89: 856 | S89: 212 | V89: =SUM(Q89:U89) -> 4337 | W89: 3269 | X89: 578 | Y89: =W89-Q89 -> 0 | Z89: =X89-(R89-P89) -> 28 | AA89: =IF(AND(Y89=0,Z89=0),"مطابق",IF(Y89+Z89>0,"زيادة","عجز")) -> زيادة | AB89: =V89-P89 -> 4031
A90: 46289 | B90: الخميس | C90: سبتمبر 2026 | D90: مواصلات | F90: 15 | P90: =F90+I90+L90+O90 -> 15 | Q90: 2673 | R90: 637 | S90: 273 | T90: 324 | V90: =SUM(Q90:U90) -> 3907 | W90: 2683 | X90: 622 | Y90: =W90-Q90 -> 10 | Z90: =X90-(R90-P90) -> 0 | AA90: =IF(AND(Y90=0,Z90=0),"مطابق",IF(Y90+Z90>0,"زيادة","عجز")) -> زيادة | AB90: =V90-P90 -> 3892
A91: 46290 | B91: الجمعة | C91: سبتمبر 2026 | D91: سلفة | E91: ماجد | F91: 300 | G91: مستلزمات | I91: 149 | J91: مستلزمات | L91: 99 | P91: =F91+I91+L91+O91 -> 548 | Q91: 4165 | R91: 1708 | S91: 129 | U91: 137 | V91: =SUM(Q91:U91) -> 6139 | W91: 4165 | X91: 1160 | Y91: =W91-Q91 -> 0 | Z91: =X91-(R91-P91) -> 0 | AA91: =IF(AND(Y91=0,Z91=0),"مطابق",IF(Y91+Z91>0,"زيادة","عجز")) -> مطابق | AB91: =V91-P91 -> 5591
A92: 46291 | B92: السبت | C92: سبتمبر 2026 | D92: مستلزمات | F92: 142 | G92: مستلزمات | I92: 46 | P92: =F92+I92+L92+O92 -> 188 | Q92: 3245 | R92: 831 | V92: =SUM(Q92:U92) -> 4076 | W92: 3245 | X92: 643 | Y92: =W92-Q92 -> 0 | Z92: =X92-(R92-P92) -> 0 | AA92: =IF(AND(Y92=0,Z92=0),"مطابق",IF(Y92+Z92>0,"زيادة","عجز")) -> مطابق | AB92: =V92-P92 -> 3888
A93: 46292 | B93: الأحد | C93: سبتمبر 2026 | D93: مواصلات | F93: 22 | G93: ضيافة | I93: 43 | P93: =F93+I93+L93+O93 -> 65 | Q93: 1916 | R93: 1070 | S93: 320 | V93: =SUM(Q93:U93) -> 3306 | W93: 1916 | X93: 1005 | Y93: =W93-Q93 -> 0 | Z93: =X93-(R93-P93) -> 0 | AA93: =IF(AND(Y93=0,Z93=0),"مطابق",IF(Y93+Z93>0,"زيادة","عجز")) -> مطابق | AB93: =V93-P93 -> 3241
A94: 46293 | B94: الاثنين | C94: سبتمبر 2026 | D94: مستلزمات | F94: 150 | G94: مواصلات | I94: 35 | P94: =F94+I94+L94+O94 -> 185 | Q94: 3028 | R94: 768 | V94: =SUM(Q94:U94) -> 3796 | W94: 3028 | X94: 583 | Y94: =W94-Q94 -> 0 | Z94: =X94-(R94-P94) -> 0 | AA94: =IF(AND(Y94=0,Z94=0),"مطابق",IF(Y94+Z94>0,"زيادة","عجز")) -> مطابق | AB94: =V94-P94 -> 3611
A95: 46294 | B95: الثلاثاء | C95: سبتمبر 2026 | D95: سلفة | E95: فارس | F95: 300 | G95: مستلزمات | I95: 37 | P95: =F95+I95+L95+O95 -> 337 | Q95: 3231 | R95: 670 | V95: =SUM(Q95:U95) -> 3901 | W95: 3231 | X95: 310 | Y95: =W95-Q95 -> 0 | Z95: =X95-(R95-P95) -> -23 | AA95: =IF(AND(Y95=0,Z95=0),"مطابق",IF(Y95+Z95>0,"زيادة","عجز")) -> عجز | AB95: =V95-P95 -> 3564
A96: 46295 | B96: الأربعاء | C96: سبتمبر 2026 | D96: سلفة | E96: ماجد | F96: 100 | G96: مواصلات | I96: 56 | P96: =F96+I96+L96+O96 -> 156 | Q96: 3248 | R96: 912 | V96: =SUM(Q96:U96) -> 4160 | W96: 3248 | X96: 756 | Y96: =W96-Q96 -> 0 | Z96: =X96-(R96-P96) -> 0 | AA96: =IF(AND(Y96=0,Z96=0),"مطابق",IF(Y96+Z96>0,"زيادة","عجز")) -> مطابق | AB96: =V96-P96 -> 4004
A97: الإجمالي | F97: =SUM(F5:F96) -> 8376 | I97: =SUM(I5:I96) -> 5423 | L97: =SUM(L5:L96) -> 2058 | O97: =SUM(O5:O96) -> 0 | P97: =SUM(P5:P96) -> 15857 | Q97: =SUM(Q5:Q96) -> 268048 | R97: =SUM(R5:R96) -> 85287 | S97: =SUM(S5:S96) -> 6344 | T97: =SUM(T5:T96) -> 8140 | U97: =SUM(U5:U96) -> 3977 | V97: =SUM(V5:V96) -> 371796 | ... Z97: =SUM(Z5:Z96) -> 105 | AB97: =SUM(AB5:AB96) -> 355939

Sheet الرواتب
A1: الرواتب الشهرية
A2: العمولة والمكافأة والأوفر تايم من قواعد الإعدادات — السلف بتتسحب أوتوماتيك من اليومية
A4: السنة | B4: الشهر | C4: الموظف | D4: الأساسي | E4: المواصلات | F4: مبيعات الموظف | G4: العمولة | H4: مكافأة التارجت | I4: ساعات أوفر تايم | J4: بدل الأوفر تايم | K4: تسوية يدوية | L4: إجمالي المستحقات | M4: أيام غياب | N4: خصم الغياب | O4: سلف من الدرج | P4: إجمالي الخصومات | Q4: صافي الراتب
A5: 2026 | B5: يوليو 2026 | C5: أحمد | D5: =INDEX(الإعدادات!$D$4:$D$9,MATCH(C5,الإعدادات!$C$4:$C$9,0)) -> 3000 | E5: =INDEX(الإعدادات!$E$4:$E$9,MATCH(C5,الإعدادات!$C$4:$C$9,0)) -> 300 | F5: 10379 | G5: =MAX(0,F5-الإعدادات!$N$5)*الإعدادات!$N$6 -> 2213.7 | H5: =IF(F5>=الإعدادات!$N$7,الإعدادات!$N$8,0) -> 300 | I5: 8 | J5: =I5*الإعدادات!$N$9 -> 160 | L5: =D5+E5+G5+H5+J5+K5 -> 5973.7 | N5: =M5*D5/الإعدادات!$N$10 -> 0 | O5: =SUMIFS(اليومية!$F$5:$F$96,اليومية!$D$5:$D$96,"سلفة",اليومية!$E$5:$E$96,$C5,اليومية!$C$5:$C$96,$B5)+SUMIFS(اليومية!$I$5:$I$96,اليومية!$G$5:$G$96,"سلفة",اليومية!$H$5:$H$96,$C5,اليومية!$C$5:$C$96,$B5)+SUMIFS(اليومية!$L$5:$L$96,اليومية!$J$5:$J$96,"سلفة",اليومية!$K$5:$K$96,$C5,اليومية!$C$5:$C$96,$B5)+SUMIFS(اليومية!$O$5:$O$96,اليومية!$M$5:$M$96,"سلفة",اليومية!$N$5:$N$96,$C5,اليومية!$C$5:$C$96,$B5) -> 550 | P5: =N5+O5 -> 550 | Q5: =L5-P5 -> 5423.7
A6: 2026 | B6: يوليو 2026 | C6: خالد | D6: =INDEX(الإعدادات!$D$4:$D$9,MATCH(C6,الإعدادات!$C$4:$C$9,0)) -> 2800 | E6: =INDEX(الإعدادات!$E$4:$E$9,MATCH(C6,الإعدادات!$C$4:$C$9,0)) -> 300 | F6: 12808 | G6: =MAX(0,F6-الإعدادات!$N$5)*الإعدادات!$N$6 -> 2942.4 | H6: =IF(F6>=الإعدادات!$N$7,الإعدادات!$N$8,0) -> 300 | I6: 4 | J6: =I6*الإعدادات!$N$9 -> 80 | L6: =D6+E6+G6+H6+J6+K6 -> 6422.4 | M6: 1 | N6: =M6*D6/الإعدادات!$N$10 -> 93.333333 | O6: =SUMIFS(اليومية!$F$5:$F$96,اليومية!$D$5:$D$96,"سلفة",اليومية!$E$5:$E$96,$C6,اليومية!$C$5:$C$96,$B6)+SUMIFS(اليومية!$I$5:$I$96,اليومية!$G$5:$G$96,"سلفة",اليومية!$H$5:$H$96,$C6,اليومية!$C$5:$C$96,$B6)+SUMIFS(اليومية!$L$5:$L$96,اليومية!$J$5:$J$96,"سلفة",اليومية!$K$5:$K$96,$C6,اليومية!$C$5:$C$96,$B6)+SUMIFS(اليومية!$O$5:$O$96,اليومية!$M$5:$M$96,"سلفة",اليومية!$N$5:$N$96,$C6,اليومية!$C$5:$C$96,$B6) -> 0 | P6: =N6+O6 -> 93.333333 | Q6: =L6-P6 -> 6329.0667
A7: 2026 | B7: يوليو 2026 | C7: يوسف | D7: =INDEX(الإعدادات!$D$4:$D$9,MATCH(C7,الإعدادات!$C$4:$C$9,0)) -> 2800 | E7: =INDEX(الإعدادات!$E$4:$E$9,MATCH(C7,الإعدادات!$C$4:$C$9,0)) -> 300 | F7: 14505 | G7: =MAX(0,F7-الإعدادات!$N$5)*الإعدادات!$N$6 -> 3451.5 | H7: =IF(F7>=الإعدادات!$N$7,الإعدادات!$N$8,0) -> 300 | J7: =I7*الإعدادات!$N$9 -> 0 | K7: 150 | L7: =D7+E7+G7+H7+J7+K7 -> 7001.5 | N7: =M7*D7/الإعدادات!$N$10 -> 0 | O7: =SUMIFS(اليومية!$F$5:$F$96,اليومية!$D$5:$D$96,"سلفة",اليومية!$E$5:$E$96,$C7,اليومية!$C$5:$C$96,$B7)+SUMIFS(اليومية!$I$5:$I$96,اليومية!$G$5:$G$96,"سلفة",اليومية!$H$5:$H$96,$C7,اليومية!$C$5:$C$96,$B7)+SUMIFS(اليومية!$L$5:$L$96,اليومية!$J$5:$J$96,"سلفة",اليومية!$K$5:$K$96,$C7,اليومية!$C$5:$C$96,$B7)+SUMIFS(اليومية!$O$5:$O$96,اليومية!$M$5:$M$96,"سلفة",اليومية!$N$5:$N$96,$C7,اليومية!$C$5:$C$96,$B7) -> 300 | P7: =N7+O7 -> 300 | Q7: =L7-P7 -> 6701.5
A8: 2026 | B8: يوليو 2026 | C8: سامي | D8: =INDEX(الإعدادات!$D$4:$D$9,MATCH(C8,الإعدادات!$C$4:$C$9,0)) -> 2500 | E8: =INDEX(الإعدادات!$E$4:$E$9,MATCH(C8,الإعدادات!$C$4:$C$9,0)) -> 250 | F8: 14210 | G8: =MAX(0,F8-الإعدادات!$N$5)*الإعدادات!$N$6 -> 3363 | H8: =IF(F8>=الإعدادات!$N$7,الإعدادات!$N$8,0) -> 300 | I8: 10 | J8: =I8*الإعدادات!$N$9 -> 200 | K8: -100 | L8: =D8+E8+G8+H8+J8+K8 -> 6513 | N8: =M8*D8/الإعدادات!$N$10 -> 0 | O8: =SUMIFS(اليومية!$F$5:$F$96,اليومية!$D$5:$D$96,"سلفة",اليومية!$E$5:$E$96,$C8,اليومية!$C$5:$C$96,$B8)+SUMIFS(اليومية!$I$5:$I$96,اليومية!$G$5:$G$96,"سلفة",اليومية!$H$5:$H$96,$C8,اليومية!$C$5:$C$96,$B8)+SUMIFS(اليومية!$L$5:$L$96,اليومية!$J$5:$J$96,"سلفة",اليومية!$K$5:$K$96,$C8,اليومية!$C$5:$C$96,$B8)+SUMIFS(اليومية!$O$5:$O$96,اليومية!$M$5:$M$96,"سلفة",اليومية!$N$5:$N$96,$C8,اليومية!$C$5:$C$96,$B8) -> 600 | P8: =N8+O8 -> 600 | Q8: =L8-P8 -> 5913
A9: 2026 | B9: يوليو 2026 | C9: فارس | D9: =INDEX(الإعدادات!$D$4:$D$9,MATCH(C9,الإعدادات!$C$4:$C$9,0)) -> 2500 | E9: =INDEX(الإعدادات!$E$4:$E$9,MATCH(C9,الإعدادات!$C$4:$C$9,0)) -> 250 | F9: 10694 | G9: =MAX(0,F9-الإعدادات!$N$5)*الإعدادات!$N$6 -> 2308.2 | H9: =IF(F9>=الإعدادات!$N$7,الإعدادات!$N$8,0) -> 300 | J9: =I9*الإعدادات!$N$9 -> 0 | L9: =D9+E9+G9+H9+J9+K9 -> 5358.2 | N9: =M9*D9/الإعدادات!$N$10 -> 0 | O9: =SUMIFS(اليومية!$F$5:$F$96,اليومية!$D$5:$D$96,"سلفة",اليومية!$E$5:$E$96,$C9,اليومية!$C$5:$C$96,$B9)+SUMIFS(اليومية!$I$5:$I$96,اليومية!$G$5:$G$96,"سلفة",اليومية!$H$5:$H$96,$C9,اليومية!$C$5:$C$96,$B9)+SUMIFS(اليومية!$L$5:$L$96,اليومية!$J$5:$J$96,"سلفة",اليومية!$K$5:$K$96,$C9,اليومية!$C$5:$C$96,$B9)+SUMIFS(اليومية!$O$5:$O$96,اليومية!$M$5:$M$96,"سلفة",اليومية!$N$5:$N$96,$C9,اليومية!$C$5:$C$96,$B9) -> 550 | P9: =N9+O9 -> 550 | Q9: =L9-P9 -> 4808.2
A10: 2026 | B10: يوليو 2026 | C10: ماجد | D10: =INDEX(الإعدادات!$D$4:$D$9,MATCH(C10,الإعدادات!$C$4:$C$9,0)) -> 2200 | E10: =INDEX(الإعدادات!$E$4:$E$9,MATCH(C10,الإعدادات!$C$4:$C$9,0)) -> 200 | F10: 14252 | G10: =MAX(0,F10-الإعدادات!$N$5)*الإعدادات!$N$6 -> 3375.6 | H10: =IF(F10>=الإعدادات!$N$7,الإعدادات!$N$8,0) -> 300 | I10: 4 | J10: =I10*الإعدادات!$N$9 -> 80 | L10: =D10+E10+G10+H10+J10+K10 -> 6155.6 | M10: 2 | N10: =M10*D10/الإعدادات!$N$10 -> 146.66667 | O10: =SUMIFS(اليومية!$F$5:$F$96,اليومية!$D$5:$D$96,"سلفة",اليومية!$E$5:$E$96,$C10,اليومية!$C$5:$C$96,$B10)+SUMIFS(اليومية!$I$5:$I$96,اليومية!$G$5:$G$96,"سلفة",اليومية!$H$5:$H$96,$C10,اليومية!$C$5:$C$96,$B10)+SUMIFS(اليومية!$L$5:$L$96,اليومية!$J$5:$J$96,"سلفة",اليومية!$K$5:$K$96,$C10,اليومية!$C$5:$C$96,$B10)+SUMIFS(اليومية!$O$5:$O$96,اليومية!$M$5:$M$96,"سلفة",اليومية!$N$5:$N$96,$C10,اليومية!$C$5:$C$96,$B10) -> 0 | P10: =N10+O10 -> 146.66667 | Q10: =L10-P10 -> 6008.9333
A11: 2026 | B11: أغسطس 2026 | C11: أحمد | D11: =INDEX(الإعدادات!$D$4:$D$9,MATCH(C11,الإعدادات!$C$4:$C$9,0)) -> 3000 | E11: =INDEX(الإعدادات!$E$4:$E$9,MATCH(C11,الإعدادات!$C$4:$C$9,0)) -> 300 | F11: 11191 | G11: =MAX(0,F11-الإعدادات!$N$5)*الإعدادات!$N$6 -> 2457.3 | H11: =IF(F11>=الإعدادات!$N$7,الإعدادات!$N$8,0) -> 300 | I11: 10 | J11: =I11*الإعدادات!$N$9 -> 200 | K11: -100 | L11: =D11+E11+G11+H11+J11+K11 -> 6157.3 | N11: =M11*D11/الإعدادات!$N$10 -> 0 | O11: =SUMIFS(اليومية!$F$5:$F$96,اليومية!$D$5:$D$96,"سلفة",اليومية!$E$5:$E$96,$C11,اليومية!$C$5:$C$96,$B11)+SUMIFS(اليومية!$I$5:$I$96,اليومية!$G$5:$G$96,"سلفة",اليومية!$H$5:$H$96,$C11,اليومية!$C$5:$C$96,$B11)+SUMIFS(اليومية!$L$5:$L$96,اليومية!$J$5:$J$96,"سلفة",اليومية!$K$5:$K$96,$C11,اليومية!$C$5:$C$96,$B11)+SUMIFS(اليومية!$O$5:$O$96,اليومية!$M$5:$M$96,"سلفة",اليومية!$N$5:$N$96,$C11,اليومية!$C$5:$C$96,$B11) -> 300 | P11: =N11+O11 -> 300 | Q11: =L11-P11 -> 5857.3
A12: 2026 | B12: أغسطس 2026 | C12: خالد | D12: =INDEX(الإعدادات!$D$4:$D$9,MATCH(C12,الإعدادات!$C$4:$C$9,0)) -> 2800 | E12: =INDEX(الإعدادات!$E$4:$E$9,MATCH(C12,الإعدادات!$C$4:$C$9,0)) -> 300 | F12: 16758 | G12: =MAX(0,F12-الإعدادات!$N$5)*الإعدادات!$N$6 -> 4127.4 | H12: =IF(F12>=الإعدادات!$N$7,الإعدادات!$N$8,0) -> 300 | I12: 8 | J12: =I12*الإعدادات!$N$9 -> 160 | L12: =D12+E12+G12+H12+J12+K12 -> 7687.4 | N12: =M12*D12/الإعدادات!$N$10 -> 0 | O12: =SUMIFS(اليومية!$F$5:$F$96,اليومية!$D$5:$D$96,"سلفة",اليومية!$E$5:$E$96,$C12,اليومية!$C$5:$C$96,$B12)+SUMIFS(اليومية!$I$5:$I$96,اليومية!$G$5:$G$96,"سلفة",اليومية!$H$5:$H$96,$C12,اليومية!$C$5:$C$96,$B12)+SUMIFS(اليومية!$L$5:$L$96,اليومية!$J$5:$J$96,"سلفة",اليومية!$K$5:$K$96,$C12,اليومية!$C$5:$C$96,$B12)+SUMIFS(اليومية!$O$5:$O$96,اليومية!$M$5:$M$96,"سلفة",اليومية!$N$5:$N$96,$C12,اليومية!$C$5:$C$96,$B12) -> 800 | P12: =N12+O12 -> 800 | Q12: =L12-P12 -> 6887.4
A13: 2026 | B13: أغسطس 2026 | C13: يوسف | D13: =INDEX(الإعدادات!$D$4:$D$9,MATCH(C13,الإعدادات!$C$4:$C$9,0)) -> 2800 | E13: =INDEX(الإعدادات!$E$4:$E$9,MATCH(C13,الإعدادات!$C$4:$C$9,0)) -> 300 | F13: 13925 | G13: =MAX(0,F13-الإعدادات!$N$5)*الإعدادات!$N$6 -> 3277.5 | H13: =IF(F13>=الإعدادات!$N$7,الإعدادات!$N$8,0) -> 300 | J13: =I13*الإعدادات!$N$9 -> 0 | L13: =D13+E13+G13+H13+J13+K13 -> 6677.5 | N13: =M13*D13/الإعدادات!$N$10 -> 0 | O13: =SUMIFS(اليومية!$F$5:$F$96,اليومية!$D$5:$D$96,"سلفة",اليومية!$E$5:$E$96,$C13,اليومية!$C$5:$C$96,$B13)+SUMIFS(اليومية!$I$5:$I$96,اليومية!$G$5:$G$96,"سلفة",اليومية!$H$5:$H$96,$C13,اليومية!$C$5:$C$96,$B13)+SUMIFS(اليومية!$L$5:$L$96,اليومية!$J$5:$J$96,"سلفة",اليومية!$K$5:$K$96,$C13,اليومية!$C$5:$C$96,$B13)+SUMIFS(اليومية!$O$5:$O$96,اليومية!$M$5:$M$96,"سلفة",اليومية!$N$5:$N$96,$C13,اليومية!$C$5:$C$96,$B13) -> 300 | P13: =N13+O13 -> 300 | Q13: =L13-P13 -> 6377.5
A14: 2026 | B14: أغسطس 2026 | C14: سامي | D14: =INDEX(الإعدادات!$D$4:$D$9,MATCH(C14,الإعدادات!$C$4:$C$9,0)) -> 2500 | E14: =INDEX(الإعدادات!$E$4:$E$9,MATCH(C14,الإعدادات!$C$4:$C$9,0)) -> 250 | F14: 11431 | G14: =MAX(0,F14-الإعدادات!$N$5)*الإعدادات!$N$6 -> 2529.3 | H14: =IF(F14>=الإعدادات!$N$7,الإعدادات!$N$8,0) -> 300 | J14: =I14*الإعدادات!$N$9 -> 0 | L14: =D14+E14+G14+H14+J14+K14 -> 5579.3 | M14: 1 | N14: =M14*D14/الإعدادات!$N$10 -> 83.333333 | O14: =SUMIFS(اليومية!$F$5:$F$96,اليومية!$D$5:$D$96,"سلفة",اليومية!$E$5:$E$96,$C14,اليومية!$C$5:$C$96,$B14)+SUMIFS(اليومية!$I$5:$I$96,اليومية!$G$5:$G$96,"سلفة",اليومية!$H$5:$H$96,$C14,اليومية!$C$5:$C$96,$B14)+SUMIFS(اليومية!$L$5:$L$96,اليومية!$J$5:$J$96,"سلفة",اليومية!$K$5:$K$96,$C14,اليومية!$C$5:$C$96,$B14)+SUMIFS(اليومية!$O$5:$O$96,اليومية!$M$5:$M$96,"سلفة",اليومية!$N$5:$N$96,$C14,اليومية!$C$5:$C$96,$B14) -> 1250 | P14: =N14+O14 -> 1333.3333 | Q14: =L14-P14 -> 4245.9667
A15: 2026 | B15: أغسطس 2026 | C15: فارس | D15: =INDEX(الإعدادات!$D$4:$D$9,MATCH(C15,الإعدادات!$C$4:$C$9,0)) -> 2500 | E15: =INDEX(الإعدادات!$E$4:$E$9,MATCH(C15,الإعدادات!$C$4:$C$9,0)) -> 250 | F15: 12030 | G15: =MAX(0,F15-الإعدادات!$N$5)*الإعدادات!$N$6 -> 2709 | H15: =IF(F15>=الإعدادات!$N$7,الإعدادات!$N$8,0) -> 300 | I15: 10 | J15: =I15*الإعدادات!$N$9 -> 200 | K15: -100 | L15: =D15+E15+G15+H15+J15+K15 -> 5859 | M15: 1 | N15: =M15*D15/الإعدادات!$N$10 -> 83.333333 | O15: =SUMIFS(اليومية!$F$5:$F$96,اليومية!$D$5:$D$96,"سلفة",اليومية!$E$5:$E$96,$C15,اليومية!$C$5:$C$96,$B15)+SUMIFS(اليومية!$I$5:$I$96,اليومية!$G$5:$G$96,"سلفة",اليومية!$H$5:$H$96,$C15,اليومية!$C$5:$C$96,$B15)+SUMIFS(اليومية!$L$5:$L$96,اليومية!$J$5:$J$96,"سلفة",اليومية!$K$5:$K$96,$C15,اليومية!$C$5:$C$96,$B15)+SUMIFS(اليومية!$O$5:$O$96,اليومية!$M$5:$M$96,"سلفة",اليومية!$N$5:$N$96,$C15,اليومية!$C$5:$C$96,$B15) -> 200 | P15: =N15+O15 -> 283.33333 | Q15: =L15-P15 -> 5575.6667
A16: 2026 | B16: أغسطس 2026 | C16: ماجد | D16: =INDEX(الإعدادات!$D$4:$D$9,MATCH(C16,الإعدادات!$C$4:$C$9,0)) -> 2200 | E16: =INDEX(الإعدادات!$E$4:$E$9,MATCH(C16,الإعدادات!$C$4:$C$9,0)) -> 200 | F16: 15785 | G16: =MAX(0,F16-الإعدادات!$N$5)*الإعدادات!$N$6 -> 3835.5 | H16: =IF(F16>=الإعدادات!$N$7,الإعدادات!$N$8,0) -> 300 | I16: 8 | J16: =I16*الإعدادات!$N$9 -> 160 | L16: =D16+E16+G16+H16+J16+K16 -> 6695.5 | N16: =M16*D16/الإعدادات!$N$10 -> 0 | O16: =SUMIFS(اليومية!$F$5:$F$96,اليومية!$D$5:$D$96,"سلفة",اليومية!$E$5:$E$96,$C16,اليومية!$C$5:$C$96,$B16)+SUMIFS(اليومية!$I$5:$I$96,اليومية!$G$5:$G$96,"سلفة",اليومية!$H$5:$H$96,$C16,اليومية!$C$5:$C$96,$B16)+SUMIFS(اليومية!$L$5:$L$96,اليومية!$J$5:$J$96,"سلفة",اليومية!$K$5:$K$96,$C16,اليومية!$C$5:$C$96,$B16)+SUMIFS(اليومية!$O$5:$O$96,اليومية!$M$5:$M$96,"سلفة",اليومية!$N$5:$N$96,$C16,اليومية!$C$5:$C$96,$B16) -> 300 | P16: =N16+O16 -> 300 | Q16: =L16-P16 -> 6395.5
A17: 2026 | B17: سبتمبر 2026 | C17: أحمد | D17: =INDEX(الإعدادات!$D$4:$D$9,MATCH(C17,الإعدادات!$C$4:$C$9,0)) -> 3000 | E17: =INDEX(الإعدادات!$E$4:$E$9,MATCH(C17,الإعدادات!$C$4:$C$9,0)) -> 300 | F17: 15341 | G17: =MAX(0,F17-الإعدادات!$N$5)*الإعدادات!$N$6 -> 3702.3 | H17: =IF(F17>=الإعدادات!$N$7,الإعدادات!$N$8,0) -> 300 | I17: 8 | J17: =I17*الإعدادات!$N$9 -> 160 | L17: =D17+E17+G17+H17+J17+K17 -> 7462.3 | N17: =M17*D17/الإعدادات!$N$10 -> 0 | O17: =SUMIFS(اليومية!$F$5:$F$96,اليومية!$D$5:$D$96,"سلفة",اليومية!$E$5:$E$96,$C17,اليومية!$C$5:$C$96,$B17)+SUMIFS(اليومية!$I$5:$I$96,اليومية!$G$5:$G$96,"سلفة",اليومية!$H$5:$H$96,$C17,اليومية!$C$5:$C$96,$B17)+SUMIFS(اليومية!$L$5:$L$96,اليومية!$J$5:$J$96,"سلفة",اليومية!$K$5:$K$96,$C17,اليومية!$C$5:$C$96,$B17)+SUMIFS(اليومية!$O$5:$O$96,اليومية!$M$5:$M$96,"سلفة",اليومية!$N$5:$N$96,$C17,اليومية!$C$5:$C$96,$B17) -> 150 | P17: =N17+O17 -> 150 | Q17: =L17-P17 -> 7312.3
A18: 2026 | B18: سبتمبر 2026 | C18: خالد | D18: =INDEX(الإعدادات!$D$4:$D$9,MATCH(C18,الإعدادات!$C$4:$C$9,0)) -> 2800 | E18: =INDEX(الإعدادات!$E$4:$E$9,MATCH(C18,الإعدادات!$C$4:$C$9,0)) -> 300 | F18: 10812 | G18: =MAX(0,F18-الإعدادات!$N$5)*الإعدادات!$N$6 -> 2343.6 | H18: =IF(F18>=الإعدادات!$N$7,الإعدادات!$N$8,0) -> 300 | I18: 4 | J18: =I18*الإعدادات!$N$9 -> 80 | L18: =D18+E18+G18+H18+J18+K18 -> 5823.6 | M18: 1 | N18: =M18*D18/الإعدادات!$N$10 -> 93.333333 | O18: =SUMIFS(اليومية!$F$5:$F$96,اليومية!$D$5:$D$96,"سلفة",اليومية!$E$5:$E$96,$C18,اليومية!$C$5:$C$96,$B18)+SUMIFS(اليومية!$I$5:$I$96,اليومية!$G$5:$G$96,"سلفة",اليومية!$H$5:$H$96,$C18,اليومية!$C$5:$C$96,$B18)+SUMIFS(اليومية!$L$5:$L$96,اليومية!$J$5:$J$96,"سلفة",اليومية!$K$5:$K$96,$C18,اليومية!$C$5:$C$96,$B18)+SUMIFS(اليومية!$O$5:$O$96,اليومية!$M$5:$M$96,"سلفة",اليومية!$N$5:$N$96,$C18,اليومية!$C$5:$C$96,$B18) -> 0 | P18: =N18+O18 -> 93.333333 | Q18: =L18-P18 -> 5730.2667
A19: 2026 | B19: سبتمبر 2026 | C19: يوسف | D19: =INDEX(الإعدادات!$D$4:$D$9,MATCH(C19,الإعدادات!$C$4:$C$9,0)) -> 2800 | E19: =INDEX(الإعدادات!$E$4:$E$9,MATCH(C19,الإعدادات!$C$4:$C$9,0)) -> 300 | F19: 12850 | G19: =MAX(0,F19-الإعدادات!$N$5)*الإعدادات!$N$6 -> 2955 | H19: =IF(F19>=الإعدادات!$N$7,الإعدادات!$N$8,0) -> 300 | I19: 10 | J19: =I19*الإعدادات!$N$9 -> 200 | L19: =D19+E19+G19+H19+J19+K19 -> 6555 | M19: 2 | N19: =M19*D19/الإعدادات!$N$10 -> 186.66667 | O19: =SUMIFS(اليومية!$F$5:$F$96,اليومية!$D$5:$D$96,"سلفة",اليومية!$E$5:$E$96,$C19,اليومية!$C$5:$C$96,$B19)+SUMIFS(اليومية!$I$5:$I$96,اليومية!$G$5:$G$96,"سلفة",اليومية!$H$5:$H$96,$C19,اليومية!$C$5:$C$96,$B19)+SUMIFS(اليومية!$L$5:$L$96,اليومية!$J$5:$J$96,"سلفة",اليومية!$K$5:$K$96,$C19,اليومية!$C$5:$C$96,$B19)+SUMIFS(اليومية!$O$5:$O$96,اليومية!$M$5:$M$96,"سلفة",اليومية!$N$5:$N$96,$C19,اليومية!$C$5:$C$96,$B19) -> 0 | P19: =N19+O19 -> 186.66667 | Q19: =L19-P19 -> 6368.3333
A20: 2026 | B20: سبتمبر 2026 | C20: سامي | D20: =INDEX(الإعدادات!$D$4:$D$9,MATCH(C20,الإعدادات!$C$4:$C$9,0)) -> 2500 | E20: =INDEX(الإعدادات!$E$4:$E$9,MATCH(C20,الإعدادات!$C$4:$C$9,0)) -> 250 | F20: 13961 | G20: =MAX(0,F20-الإعدادات!$N$5)*الإعدادات!$N$6 -> 3288.3 | H20: =IF(F20>=الإعدادات!$N$7,الإعدادات!$N$8,0) -> 300 | I20: 8 | J20: =I20*الإعدادات!$N$9 -> 160 | K20: -100 | L20: =D20+E20+G20+H20+J20+K20 -> 6398.3 | N20: =M20*D20/الإعدادات!$N$10 -> 0 | O20: =SUMIFS(اليومية!$F$5:$F$96,اليومية!$D$5:$D$96,"سلفة",اليومية!$E$5:$E$96,$C20,اليومية!$C$5:$C$96,$B20)+SUMIFS(اليومية!$I$5:$I$96,اليومية!$G$5:$G$96,"سلفة",اليومية!$H$5:$H$96,$C20,اليومية!$C$5:$C$96,$B20)+SUMIFS(اليومية!$L$5:$L$96,اليومية!$J$5:$J$96,"سلفة",اليومية!$K$5:$K$96,$C20,اليومية!$C$5:$C$96,$B20)+SUMIFS(اليومية!$O$5:$O$96,اليومية!$M$5:$M$96,"سلفة",اليومية!$N$5:$N$96,$C20,اليومية!$C$5:$C$96,$B20) -> 100 | P20: =N20+O20 -> 100 | Q20: =L20-P20 -> 6298.3
A21: 2026 | B21: سبتمبر 2026 | C21: فارس | D21: =INDEX(الإعدادات!$D$4:$D$9,MATCH(C21,الإعدادات!$C$4:$C$9,0)) -> 2500 | E21: =INDEX(الإعدادات!$E$4:$E$9,MATCH(C21,الإعدادات!$C$4:$C$9,0)) -> 250 | F21: 16715 | G21: =MAX(0,F21-الإعدادات!$N$5)*الإعدادات!$N$6 -> 4114.5 | H21: =IF(F21>=الإعدادات!$N$7,الإعدادات!$N$8,0) -> 300 | J21: =I21*الإعدادات!$N$9 -> 0 | L21: =D21+E21+G21+H21+J21+K21 -> 7164.5 | M21: 1 | N21: =M21*D21/الإعدادات!$N$10 -> 83.333333 | O21: =SUMIFS(اليومية!$F$5:$F$96,اليومية!$D$5:$D$96,"سلفة",اليومية!$E$5:$E$96,$C21,اليومية!$C$5:$C$96,$B21)+SUMIFS(اليومية!$I$5:$I$96,اليومية!$G$5:$G$96,"سلفة",اليومية!$H$5:$H$96,$C21,اليومية!$C$5:$C$96,$B21)+SUMIFS(اليومية!$L$5:$L$96,اليومية!$J$5:$J$96,"سلفة",اليومية!$K$5:$K$96,$C21,اليومية!$C$5:$C$96,$B21)+SUMIFS(اليومية!$O$5:$O$96,اليومية!$M$5:$M$96,"سلفة",اليومية!$N$5:$N$96,$C21,اليومية!$C$5:$C$96,$B21) -> 750 | P21: =N21+O21 -> 833.33333 | Q21: =L21-P21 -> 6331.1667
A22: 2026 | B22: سبتمبر 2026 | C22: ماجد | D22: =INDEX(الإعدادات!$D$4:$D$9,MATCH(C22,الإعدادات!$C$4:$C$9,0)) -> 2200 | E22: =INDEX(الإعدادات!$E$4:$E$9,MATCH(C22,الإعدادات!$C$4:$C$9,0)) -> 200 | F22: 14486 | G22: =MAX(0,F22-الإعدادات!$N$5)*الإعدادات!$N$6 -> 3445.8 | H22: =IF(F22>=الإعدادات!$N$7,الإعدادات!$N$8,0) -> 300 | I22: 8 | J22: =I22*الإعدادات!$N$9 -> 160 | K22: 150 | L22: =D22+E22+G22+H22+J22+K22 -> 6455.8 | N22: =M22*D22/الإعدادات!$N$10 -> 0 | O22: =SUMIFS(اليومية!$F$5:$F$96,اليومية!$D$5:$D$96,"سلفة",اليومية!$E$5:$E$96,$C22,اليومية!$C$5:$C$96,$B22)+SUMIFS(اليومية!$I$5:$I$96,اليومية!$G$5:$G$96,"سلفة",اليومية!$H$5:$H$96,$C22,اليومية!$C$5:$C$96,$B22)+SUMIFS(اليومية!$L$5:$L$96,اليومية!$J$5:$J$96,"سلفة",اليومية!$K$5:$K$96,$C22,اليومية!$C$5:$C$96,$B22)+SUMIFS(اليومية!$O$5:$O$96,اليومية!$M$5:$M$96,"سلفة",اليومية!$N$5:$N$96,$C22,اليومية!$C$5:$C$96,$B22) -> 850 | P22: =N22+O22 -> 850 | Q22: =L22-P22 -> 5605.8
A23: الإجمالي | D23: =SUM(D5:D22) -> 47400 | E23: =SUM(E5:E22) -> 4800 | F23: =SUM(F5:F22) -> 242133 | G23: =SUM(G5:G22) -> 56439.9 | H23: =SUM(H5:H22) -> 5400 | I23: =SUM(I5:I22) -> 100 | J23: =SUM(J5:J22) -> 2000 | K23: =SUM(K5:K22) -> -100 | ... Q23: =SUM(Q5:Q22) -> 108169.9

Sheet الدفتر
A1: الدفتر — كل الحركات بدليل حسابات مكوّد
A2: الصفوف الملوّنة قيود آلية من اليومية والرواتب — الكود والتصنيف والضريبة محسوبين لكل سطر
A4: التاريخ | B4: البيان | C4: الحساب | D4: المورد / الجهة | E4: الرقم الضريبي | F4: وارد | G4: منصرف | H4: الحساب النقدي | I4: خاضع؟ | J4: ربع الإقرار | K4: المصدر | L4: الكود | M4: التصنيف العام | N4: الطبيعة | O4: القائمة | P4: الشهر | Q4: الربع | R4: ضريبة المخرجات | S4: ضريبة المدخلات | T4: الصافي قبل الضريبة
A5: 46204 | B5: إيجار الشهر — قسط من الدفعة النصف سنوية | C5: الإيجار | D5: شركة الأفق العقارية | E5: 300112233400003 | G5: 11500 | H5: البنك | I5: 1 | K5: استحقاق شهري | L5: =IFERROR(INDEX(الإعدادات!$G$4:$G$15,MATCH($C5,الإعدادات!$H$4:$H$15,0)),"غير معرف") -> 5200 | M5: =IFERROR(INDEX(الإعدادات!$I$4:$I$15,MATCH($C5,الإعدادات!$H$4:$H$15,0)),"غير معرف") -> مصاريف الفرع | N5: =IFERROR(INDEX(الإعدادات!$J$4:$J$15,MATCH($C5,الإعدادات!$H$4:$H$15,0)),"غير معرف") -> مصروف | O5: =IFERROR(INDEX(الإعدادات!$K$4:$K$15,MATCH($C5,الإعدادات!$H$4:$H$15,0)),"غير معرف") -> قائمة الدخل | P5: =MONTH(A5) -> 7 | Q5: =YEAR(A5)&"-Q"&ROUNDUP(MONTH(A5)/3,0) -> 2026-Q3 | R5: =IF(AND(I5=1,F5>0),F5*الإعدادات!$N$4/(1+الإعدادات!$N$4),0) -> 0 | S5: =IF(AND(I5=1,G5>0),G5*الإعدادات!$N$4/(1+الإعدادات!$N$4),0) -> 1500 | T5: =F5+G5-R5-S5 -> 10000
A6: 46208 | B6: فاتورة كهرباء ومياه | C6: الكهرباء والمياه | D6: شركة الكهرباء | E6: 300000000100003 | G6: 1541 | H6: البنك | I6: 1 | K6: إدخال يدوي | L6: =IFERROR(INDEX(الإعدادات!$G$4:$G$15,MATCH($C6,الإعدادات!$H$4:$H$15,0)),"غير معرف") -> 5210 | M6: =IFERROR(INDEX(الإعدادات!$I$4:$I$15,MATCH($C6,الإعدادات!$H$4:$H$15,0)),"غير معرف") -> مصاريف الفرع | N6: =IFERROR(INDEX(الإعدادات!$J$4:$J$15,MATCH($C6,الإعدادات!$H$4:$H$15,0)),"غير معرف") -> مصروف | O6: =IFERROR(INDEX(الإعدادات!$K$4:$K$15,MATCH($C6,الإعدادات!$H$4:$H$15,0)),"غير معرف") -> قائمة الدخل | P6: =MONTH(A6) -> 7 | Q6: =YEAR(A6)&"-Q"&ROUNDUP(MONTH(A6)/3,0) -> 2026-Q3 | R6: =IF(AND(I6=1,F6>0),F6*الإعدادات!$N$4/(1+الإعدادات!$N$4),0) -> 0 | S6: =IF(AND(I6=1,G6>0),G6*الإعدادات!$N$4/(1+الإعدادات!$N$4),0) -> 201 | T6: =F6+G6-R6-S6 -> 1340
A7: 46213 | B7: شراء مستلزمات ومنتجات | C7: المستلزمات والأدوات | D7: شركة الإمداد التجارية | E7: 300554433200003 | G7: 5684 | H7: البنك | I7: 1 | K7: إدخال يدوي | L7: =IFERROR(INDEX(الإعدادات!$G$4:$G$15,MATCH($C7,الإعدادات!$H$4:$H$15,0)),"غير معرف") -> 5220 | M7: =IFERROR(INDEX(الإعدادات!$I$4:$I$15,MATCH($C7,الإعدادات!$H$4:$H$15,0)),"غير معرف") -> مصاريف التشغيل | N7: =IFERROR(INDEX(الإعدادات!$J$4:$J$15,MATCH($C7,الإعدادات!$H$4:$H$15,0)),"غير معرف") -> مصروف | O7: =IFERROR(INDEX(الإعدادات!$K$4:$K$15,MATCH($C7,الإعدادات!$H$4:$H$15,0)),"غير معرف") -> قائمة الدخل | P7: =MONTH(A7) -> 7 | Q7: =YEAR(A7)&"-Q"&ROUNDUP(MONTH(A7)/3,0) -> 2026-Q3 | R7: =IF(AND(I7=1,F7>0),F7*الإعدادات!$N$4/(1+الإعدادات!$N$4),0) -> 0 | S7: =IF(AND(I7=1,G7>0),G7*الإعدادات!$N$4/(1+الإعدادات!$N$4),0) -> 741.3913 | T7: =F7+G7-R7-S7 -> 4942.6087
A8: 46223 | B8: شراء مستلزمات ومنتجات | C8: المستلزمات والأدوات | D8: مؤسسة النخبة للمستلزمات | E8: 300998877600003 | G8: 4843 | H8: البنك | I8: 1 | K8: إدخال يدوي | L8: =IFERROR(INDEX(الإعدادات!$G$4:$G$15,MATCH($C8,الإعدادات!$H$4:$H$15,0)),"غير معرف") -> 5220 | M8: =IFERROR(INDEX(الإعدادات!$I$4:$I$15,MATCH($C8,الإعدادات!$H$4:$H$15,0)),"غير معرف") -> مصاريف التشغيل | N8: =IFERROR(INDEX(الإعدادات!$J$4:$J$15,MATCH($C8,الإعدادات!$H$4:$H$15,0)),"غير معرف") -> مصروف | O8: =IFERROR(INDEX(الإعدادات!$K$4:$K$15,MATCH($C8,الإعدادات!$H$4:$H$15,0)),"غير معرف") -> قائمة الدخل | P8: =MONTH(A8) -> 7 | Q8: =YEAR(A8)&"-Q"&ROUNDUP(MONTH(A8)/3,0) -> 2026-Q3 | R8: =IF(AND(I8=1,F8>0),F8*الإعدادات!$N$4/(1+الإعدادات!$N$4),0) -> 0 | S8: =IF(AND(I8=1,G8>0),G8*الإعدادات!$N$4/(1+الإعدادات!$N$4),0) -> 631.69565 | T8: =F8+G8-R8-S8 -> 4211.3043
A9: 46228 | B9: حملة إعلانية على السوشيال | C9: التسويق | D9: وكالة ومضة | E9: 300776655400003 | G9: 1757 | H9: البنك | I9: 1 | K9: إدخال يدوي | L9: =IFERROR(INDEX(الإعدادات!$G$4:$G$15,MATCH($C9,الإعدادات!$H$4:$H$15,0)),"غير معرف") -> 5300 | M9: =IFERROR(INDEX(الإعدادات!$I$4:$I$15,MATCH($C9,الإعدادات!$H$4:$H$15,0)),"غير معرف") -> مصاريف التشغيل | N9: =IFERROR(INDEX(الإعدادات!$J$4:$J$15,MATCH($C9,الإعدادات!$H$4:$H$15,0)),"غير معرف") -> مصروف | O9: =IFERROR(INDEX(الإعدادات!$K$4:$K$15,MATCH($C9,الإعدادات!$H$4:$H$15,0)),"غير معرف") -> قائمة الدخل | P9: =MONTH(A9) -> 7 | Q9: =YEAR(A9)&"-Q"&ROUNDUP(MONTH(A9)/3,0) -> 2026-Q3 | R9: =IF(AND(I9=1,F9>0),F9*الإعدادات!$N$4/(1+الإعدادات!$N$4),0) -> 0 | S9: =IF(AND(I9=1,G9>0),G9*الإعدادات!$N$4/(1+الإعدادات!$N$4),0) -> 229.17391 | T9: =F9+G9-R9-S9 -> 1527.8261
A10: 46231 | B10: عمولة بوابات الدفع | C10: رسوم بوابات الدفع | D10: بنك محلي | G10: 865 | H10: البنك | I10: 1 | K10: إدخال يدوي | L10: =IFERROR(INDEX(الإعدادات!$G$4:$G$15,MATCH($C10,الإعدادات!$H$4:$H$15,0)),"غير معرف") -> 5400 | M10: =IFERROR(INDEX(الإعدادات!$I$4:$I$15,MATCH($C10,الإعدادات!$H$4:$H$15,0)),"غير معرف") -> مصاريف التشغيل | N10: =IFERROR(INDEX(الإعدادات!$J$4:$J$15,MATCH($C10,الإعدادات!$H$4:$H$15,0)),"غير معرف") -> مصروف | O10: =IFERROR(INDEX(الإعدادات!$K$4:$K$15,MATCH($C10,الإعدادات!$H$4:$H$15,0)),"غير معرف") -> قائمة الدخل | P10: =MONTH(A10) -> 7 | Q10: =YEAR(A10)&"-Q"&ROUNDUP(MONTH(A10)/3,0) -> 2026-Q3 | R10: =IF(AND(I10=1,F10>0),F10*الإعدادات!$N$4/(1+الإعدادات!$N$4),0) -> 0 | S10: =IF(AND(I10=1,G10>0),G10*الإعدادات!$N$4/(1+الإعدادات!$N$4),0) -> 112.82609 | T10: =F10+G10-R10-S10 -> 752.17391
A11: 46234 | B11: إيرادات يوليو 2026 — من اليومية | C11: مبيعات الخدمات | F11: =SUMIFS(اليومية!$V$5:$V$96,اليومية!$C$5:$C$96,"يوليو 2026") -> 125981 | H11: البنك | I11: 1 | K11: قيد آلي — اليومية | L11: =IFERROR(INDEX(الإعدادات!$G$4:$G$15,MATCH($C11,الإعدادات!$H$4:$H$15,0)),"غير معرف") -> 4100 | M11: =IFERROR(INDEX(الإعدادات!$I$4:$I$15,MATCH($C11,الإعدادات!$H$4:$H$15,0)),"غير معرف") -> الإيرادات | N11: =IFERROR(INDEX(الإعدادات!$J$4:$J$15,MATCH($C11,الإعدادات!$H$4:$H$15,0)),"غير معرف") -> إيراد | O11: =IFERROR(INDEX(الإعدادات!$K$4:$K$15,MATCH($C11,الإعدادات!$H$4:$H$15,0)),"غير معرف") -> قائمة الدخل | P11: =MONTH(A11) -> 7 | Q11: =YEAR(A11)&"-Q"&ROUNDUP(MONTH(A11)/3,0) -> 2026-Q3 | R11: =IF(AND(I11=1,F11>0),F11*الإعدادات!$N$4/(1+الإعدادات!$N$4),0) -> 16432.304 | S11: =IF(AND(I11=1,G11>0),G11*الإعدادات!$N$4/(1+الإعدادات!$N$4),0) -> 0 | T11: =F11+G11-R11-S11 -> 109548.7
A12: 46234 | B12: نثريات الدرج يوليو 2026 (بدون السلف) | C12: مصروفات نثرية من الدرج | G12: =SUMIFS(اليومية!$P$5:$P$96,اليومية!$C$5:$C$96,"يوليو 2026")-SUMIFS(الرواتب!$O$5:$O$22,الرواتب!$B$5:$B$22,"يوليو 2026") -> 3363 | H12: الكاش | I12: 0 | K12: قيد آلي — اليومية | L12: =IFERROR(INDEX(الإعدادات!$G$4:$G$15,MATCH($C12,الإعدادات!$H$4:$H$15,0)),"غير معرف") -> 5900 | M12: =IFERROR(INDEX(الإعدادات!$I$4:$I$15,MATCH($C12,الإعدادات!$H$4:$H$15,0)),"غير معرف") -> مصاريف التشغيل | N12: =IFERROR(INDEX(الإعدادات!$J$4:$J$15,MATCH($C12,الإعدادات!$H$4:$H$15,0)),"غير معرف") -> مصروف | O12: =IFERROR(INDEX(الإعدادات!$K$4:$K$15,MATCH($C12,الإعدادات!$H$4:$H$15,0)),"غير معرف") -> قائمة الدخل | P12: =MONTH(A12) -> 7 | Q12: =YEAR(A12)&"-Q"&ROUNDUP(MONTH(A12)/3,0) -> 2026-Q3 | R12: =IF(AND(I12=1,F12>0),F12*الإعدادات!$N$4/(1+الإعدادات!$N$4),0) -> 0 | S12: =IF(AND(I12=1,G12>0),G12*الإعدادات!$N$4/(1+الإعدادات!$N$4),0) -> 0 | T12: =F12+G12-R12-S12 -> 3363
A13: 46234 | B13: رواتب وبدلات يوليو 2026 | C13: الرواتب والبدلات | G13: =SUMIFS(الرواتب!$D$5:$D$22,الرواتب!$B$5:$B$22,"يوليو 2026")+SUMIFS(الرواتب!$E$5:$E$22,الرواتب!$B$5:$B$22,"يوليو 2026")-SUMIFS(الرواتب!$N$5:$N$22,الرواتب!$B$5:$B$22,"يوليو 2026") -> 17160 | H13: البنك | I13: 0 | K13: قيد آلي — الرواتب | L13: =IFERROR(INDEX(الإعدادات!$G$4:$G$15,MATCH($C13,الإعدادات!$H$4:$H$15,0)),"غير معرف") -> 5100 | M13: =IFERROR(INDEX(الإعدادات!$I$4:$I$15,MATCH($C13,الإعدادات!$H$4:$H$15,0)),"غير معرف") -> مصاريف الموظفين | N13: =IFERROR(INDEX(الإعدادات!$J$4:$J$15,MATCH($C13,الإعدادات!$H$4:$H$15,0)),"غير معرف") -> مصروف | O13: =IFERROR(INDEX(الإعدادات!$K$4:$K$15,MATCH($C13,الإعدادات!$H$4:$H$15,0)),"غير معرف") -> قائمة الدخل | P13: =MONTH(A13) -> 7 | Q13: =YEAR(A13)&"-Q"&ROUNDUP(MONTH(A13)/3,0) -> 2026-Q3 | R13: =IF(AND(I13=1,F13>0),F13*الإعدادات!$N$4/(1+الإعدادات!$N$4),0) -> 0 | S13: =IF(AND(I13=1,G13>0),G13*الإعدادات!$N$4/(1+الإعدادات!$N$4),0) -> 0 | T13: =F13+G13-R13-S13 -> 17160
A14: 46234 | B14: عمولات وحوافز يوليو 2026 | C14: العمولات والحوافز | G14: =SUMIFS(الرواتب!$G$5:$G$22,الرواتب!$B$5:$B$22,"يوليو 2026")+SUMIFS(الرواتب!$H$5:$H$22,الرواتب!$B$5:$B$22,"يوليو 2026")+SUMIFS(الرواتب!$J$5:$J$22,الرواتب!$B$5:$B$22,"يوليو 2026")+SUMIFS(الرواتب!$K$5:$K$22,الرواتب!$B$5:$B$22,"يوليو 2026") -> 20024.4 | H14: البنك | I14: 0 | K14: قيد آلي — الرواتب | L14: =IFERROR(INDEX(الإعدادات!$G$4:$G$15,MATCH($C14,الإعدادات!$H$4:$H$15,0)),"غير معرف") -> 5110 | M14: =IFERROR(INDEX(الإعدادات!$I$4:$I$15,MATCH($C14,الإعدادات!$H$4:$H$15,0)),"غير معرف") -> مصاريف الموظفين | N14: =IFERROR(INDEX(الإعدادات!$J$4:$J$15,MATCH($C14,الإعدادات!$H$4:$H$15,0)),"غير معرف") -> مصروف | O14: =IFERROR(INDEX(الإعدادات!$K$4:$K$15,MATCH($C14,الإعدادات!$H$4:$H$15,0)),"غير معرف") -> قائمة الدخل | P14: =MONTH(A14) -> 7 | Q14: =YEAR(A14)&"-Q"&ROUNDUP(MONTH(A14)/3,0) -> 2026-Q3 | R14: =IF(AND(I14=1,F14>0),F14*الإعدادات!$N$4/(1+الإعدادات!$N$4),0) -> 0 | S14: =IF(AND(I14=1,G14>0),G14*الإعدادات!$N$4/(1+الإعدادات!$N$4),0) -> 0 | T14: =F14+G14-R14-S14 -> 20024.4
A15: 46235 | B15: إيجار الشهر — قسط من الدفعة النصف سنوية | C15: الإيجار | D15: شركة الأفق العقارية | E15: 300112233400003 | G15: 11500 | H15: البنك | I15: 1 | K15: استحقاق شهري | L15: =IFERROR(INDEX(الإعدادات!$G$4:$G$15,MATCH($C15,الإعدادات!$H$4:$H$15,0)),"غير معرف") -> 5200 | M15: =IFERROR(INDEX(الإعدادات!$I$4:$I$15,MATCH($C15,الإعدادات!$H$4:$H$15,0)),"غير معرف") -> مصاريف الفرع | N15: =IFERROR(INDEX(الإعدادات!$J$4:$J$15,MATCH($C15,الإعدادات!$H$4:$H$15,0)),"غير معرف") -> مصروف | O15: =IFERROR(INDEX(الإعدادات!$K$4:$K$15,MATCH($C15,الإعدادات!$H$4:$H$15,0)),"غير معرف") -> قائمة الدخل | P15: =MONTH(A15) -> 8 | Q15: =YEAR(A15)&"-Q"&ROUNDUP(MONTH(A15)/3,0) -> 2026-Q3 | R15: =IF(AND(I15=1,F15>0),F15*الإعدادات!$N$4/(1+الإعدادات!$N$4),0) -> 0 | S15: =IF(AND(I15=1,G15>0),G15*الإعدادات!$N$4/(1+الإعدادات!$N$4),0) -> 1500 | T15: =F15+G15-R15-S15 -> 10000
A16: 46239 | B16: فاتورة كهرباء ومياه | C16: الكهرباء والمياه | D16: شركة الكهرباء | E16: 300000000100003 | G16: 1845 | H16: البنك | I16: 1 | K16: إدخال يدوي | L16: =IFERROR(INDEX(الإعدادات!$G$4:$G$15,MATCH($C16,الإعدادات!$H$4:$H$15,0)),"غير معرف") -> 5210 | M16: =IFERROR(INDEX(الإعدادات!$I$4:$I$15,MATCH($C16,الإعدادات!$H$4:$H$15,0)),"غير معرف") -> مصاريف الفرع | N16: =IFERROR(INDEX(الإعدادات!$J$4:$J$15,MATCH($C16,الإعدادات!$H$4:$H$15,0)),"غير معرف") -> مصروف | O16: =IFERROR(INDEX(الإعدادات!$K$4:$K$15,MATCH($C16,الإعدادات!$H$4:$H$15,0)),"غير معرف") -> قائمة الدخل | P16: =MONTH(A16) -> 8 | Q16: =YEAR(A16)&"-Q"&ROUNDUP(MONTH(A16)/3,0) -> 2026-Q3 | R16: =IF(AND(I16=1,F16>0),F16*الإعدادات!$N$4/(1+الإعدادات!$N$4),0) -> 0 | S16: =IF(AND(I16=1,G16>0),G16*الإعدادات!$N$4/(1+الإعدادات!$N$4),0) -> 240.65217 | T16: =F16+G16-R16-S16 -> 1604.3478
A17: 46243 | B17: شراء مستلزمات ومنتجات | C17: المستلزمات والأدوات | D17: مؤسسة النخبة للمستلزمات | E17: 300998877600003 | G17: 5633 | H17: البنك | I17: 1 | K17: إدخال يدوي | L17: =IFERROR(INDEX(الإعدادات!$G$4:$G$15,MATCH($C17,الإعدادات!$H$4:$H$15,0)),"غير معرف") -> 5220 | M17: =IFERROR(INDEX(الإعدادات!$I$4:$I$15,MATCH($C17,الإعدادات!$H$4:$H$15,0)),"غير معرف") -> مصاريف التشغيل | N17: =IFERROR(INDEX(الإعدادات!$J$4:$J$15,MATCH($C17,الإعدادات!$H$4:$H$15,0)),"غير معرف") -> مصروف | O17: =IFERROR(INDEX(الإعدادات!$K$4:$K$15,MATCH($C17,الإعدادات!$H$4:$H$15,0)),"غير معرف") -> قائمة الدخل | P17: =MONTH(A17) -> 8 | Q17: =YEAR(A17)&"-Q"&ROUNDUP(MONTH(A17)/3,0) -> 2026-Q3 | R17: =IF(AND(I17=1,F17>0),F17*الإعدادات!$N$4/(1+الإعدادات!$N$4),0) -> 0 | S17: =IF(AND(I17=1,G17>0),G17*الإعدادات!$N$4/(1+الإعدادات!$N$4),0) -> 734.73913 | T17: =F17+G17-R17-S17 -> 4898.2609
A18: 46246 | B18: صيانة مكيفات | C18: الصيانة والإصلاحات | D18: ورشة التبريد | G18: 950 | H18: الكاش | I18: 0 | K18: إدخال يدوي | L18: =IFERROR(INDEX(الإعدادات!$G$4:$G$15,MATCH($C18,الإعدادات!$H$4:$H$15,0)),"غير معرف") -> 5230 | M18: =IFERROR(INDEX(الإعدادات!$I$4:$I$15,MATCH($C18,الإعدادات!$H$4:$H$15,0)),"غير معرف") -> مصاريف الفرع | N18: =IFERROR(INDEX(الإعدادات!$J$4:$J$15,MATCH($C18,الإعدادات!$H$4:$H$15,0)),"غير معرف") -> مصروف | O18: =IFERROR(INDEX(الإعدادات!$K$4:$K$15,MATCH($C18,الإعدادات!$H$4:$H$15,0)),"غير معرف") -> قائمة الدخل | P18: =MONTH(A18) -> 8 | Q18: =YEAR(A18)&"-Q"&ROUNDUP(MONTH(A18)/3,0) -> 2026-Q3 | R18: =IF(AND(I18=1,F18>0),F18*الإعدادات!$N$4/(1+الإعدادات!$N$4),0) -> 0 | S18: =IF(AND(I18=1,G18>0),G18*الإعدادات!$N$4/(1+الإعدادات!$N$4),0) -> 0 | T18: =F18+G18-R18-S18 -> 950
A19: 46252 | B19: تجديد تأمين طبي — موظفين | C19: تكاليف الموظفين (تأشيرات وتأمين) | D19: شركة التأمين | G19: 2880 | H19: البنك | I19: 0 | K19: إدخال يدوي | L19: =IFERROR(INDEX(الإعدادات!$G$4:$G$15,MATCH($C19,الإعدادات!$H$4:$H$15,0)),"غير معرف") -> 5120 | M19: =IFERROR(INDEX(الإعدادات!$I$4:$I$15,MATCH($C19,الإعدادات!$H$4:$H$15,0)),"غير معرف") -> مصاريف الموظفين | N19: =IFERROR(INDEX(الإعدادات!$J$4:$J$15,MATCH($C19,الإعدادات!$H$4:$H$15,0)),"غير معرف") -> مصروف | O19: =IFERROR(INDEX(الإعدادات!$K$4:$K$15,MATCH($C19,الإعدادات!$H$4:$H$15,0)),"غير معرف") -> قائمة الدخل | P19: =MONTH(A19) -> 8 | Q19: =YEAR(A19)&"-Q"&ROUNDUP(MONTH(A19)/3,0) -> 2026-Q3 | R19: =IF(AND(I19=1,F19>0),F19*الإعدادات!$N$4/(1+الإعدادات!$N$4),0) -> 0 | S19: =IF(AND(I19=1,G19>0),G19*الإعدادات!$N$4/(1+الإعدادات!$N$4),0) -> 0 | T19: =F19+G19-R19-S19 -> 2880
A20: 46254 | B20: شراء مستلزمات ومنتجات | C20: المستلزمات والأدوات | D20: شركة الإمداد التجارية | E20: 300554433200003 | G20: 5226 | H20: البنك | I20: 1 | K20: إدخال يدوي | L20: =IFERROR(INDEX(الإعدادات!$G$4:$G$15,MATCH($C20,الإعدادات!$H$4:$H$15,0)),"غير معرف") -> 5220 | M20: =IFERROR(INDEX(الإعدادات!$I$4:$I$15,MATCH($C20,الإعدادات!$H$4:$H$15,0)),"غير معرف") -> مصاريف التشغيل | N20: =IFERROR(INDEX(الإعدادات!$J$4:$J$15,MATCH($C20,الإعدادات!$H$4:$H$15,0)),"غير معرف") -> مصروف | O20: =IFERROR(INDEX(الإعدادات!$K$4:$K$15,MATCH($C20,الإعدادات!$H$4:$H$15,0)),"غير معرف") -> قائمة الدخل | P20: =MONTH(A20) -> 8 | Q20: =YEAR(A20)&"-Q"&ROUNDUP(MONTH(A20)/3,0) -> 2026-Q3 | R20: =IF(AND(I20=1,F20>0),F20*الإعدادات!$N$4/(1+الإعدادات!$N$4),0) -> 0 | S20: =IF(AND(I20=1,G20>0),G20*الإعدادات!$N$4/(1+الإعدادات!$N$4),0) -> 681.65217 | T20: =F20+G20-R20-S20 -> 4544.3478
A21: 46259 | B21: حملة إعلانية على السوشيال | C21: التسويق | D21: وكالة ومضة | E21: 300776655400003 | G21: 1639 | H21: البنك | I21: 1 | K21: إدخال يدوي | L21: =IFERROR(INDEX(الإعدادات!$G$4:$G$15,MATCH($C21,الإعدادات!$H$4:$H$15,0)),"غير معرف") -> 5300 | M21: =IFERROR(INDEX(الإعدادات!$I$4:$I$15,MATCH($C21,الإعدادات!$H$4:$H$15,0)),"غير معرف") -> مصاريف التشغيل | N21: =IFERROR(INDEX(الإعدادات!$J$4:$J$15,MATCH($C21,الإعدادات!$H$4:$H$15,0)),"غير معرف") -> مصروف | O21: =IFERROR(INDEX(الإعدادات!$K$4:$K$15,MATCH($C21,الإعدادات!$H$4:$H$15,0)),"غير معرف") -> قائمة الدخل | P21: =MONTH(A21) -> 8 | Q21: =YEAR(A21)&"-Q"&ROUNDUP(MONTH(A21)/3,0) -> 2026-Q3 | R21: =IF(AND(I21=1,F21>0),F21*الإعدادات!$N$4/(1+الإعدادات!$N$4),0) -> 0 | S21: =IF(AND(I21=1,G21>0),G21*الإعدادات!$N$4/(1+الإعدادات!$N$4),0) -> 213.78261 | T21: =F21+G21-R21-S21 -> 1425.2174
A22: 46262 | B22: عمولة بوابات الدفع | C22: رسوم بوابات الدفع | D22: بنك محلي | G22: 833 | H22: البنك | I22: 1 | K22: إدخال يدوي | L22: =IFERROR(INDEX(الإعدادات!$G$4:$G$15,MATCH($C22,الإعدادات!$H$4:$H$15,0)),"غير معرف") -> 5400 | M22: =IFERROR(INDEX(الإعدادات!$I$4:$I$15,MATCH($C22,الإعدادات!$H$4:$H$15,0)),"غير معرف") -> مصاريف التشغيل | N22: =IFERROR(INDEX(الإعدادات!$J$4:$J$15,MATCH($C22,الإعدادات!$H$4:$H$15,0)),"غير معرف") -> مصروف | O22: =IFERROR(INDEX(الإعدادات!$K$4:$K$15,MATCH($C22,الإعدادات!$H$4:$H$15,0)),"غير معرف") -> قائمة الدخل | P22: =MONTH(A22) -> 8 | Q22: =YEAR(A22)&"-Q"&ROUNDUP(MONTH(A22)/3,0) -> 2026-Q3 | R22: =IF(AND(I22=1,F22>0),F22*الإعدادات!$N$4/(1+الإعدادات!$N$4),0) -> 0 | S22: =IF(AND(I22=1,G22>0),G22*الإعدادات!$N$4/(1+الإعدادات!$N$4),0) -> 108.65217 | T22: =F22+G22-R22-S22 -> 724.34783
A23: 46265 | B23: إيرادات أغسطس 2026 — من اليومية | C23: مبيعات الخدمات | F23: =SUMIFS(اليومية!$V$5:$V$96,اليومية!$C$5:$C$96,"أغسطس 2026") -> 127398 | H23: البنك | I23: 1 | K23: قيد آلي — اليومية | L23: =IFERROR(INDEX(الإعدادات!$G$4:$G$15,MATCH($C23,الإعدادات!$H$4:$H$15,0)),"غير معرف") -> 4100 | M23: =IFERROR(INDEX(الإعدادات!$I$4:$I$15,MATCH($C23,الإعدادات!$H$4:$H$15,0)),"غير معرف") -> الإيرادات | N23: =IFERROR(INDEX(الإعدادات!$J$4:$J$15,MATCH($C23,الإعدادات!$H$4:$H$15,0)),"غير معرف") -> إيراد | O23: =IFERROR(INDEX(الإعدادات!$K$4:$K$15,MATCH($C23,الإعدادات!$H$4:$H$15,0)),"غير معرف") -> قائمة الدخل | P23: =MONTH(A23) -> 8 | Q23: =YEAR(A23)&"-Q"&ROUNDUP(MONTH(A23)/3,0) -> 2026-Q3 | R23: =IF(AND(I23=1,F23>0),F23*الإعدادات!$N$4/(1+الإعدادات!$N$4),0) -> 16617.13 | S23: =IF(AND(I23=1,G23>0),G23*الإعدادات!$N$4/(1+الإعدادات!$N$4),0) -> 0 | T23: =F23+G23-R23-S23 -> 110780.87
A24: 46265 | B24: نثريات الدرج أغسطس 2026 (بدون السلف) | C24: مصروفات نثرية من الدرج | G24: =SUMIFS(اليومية!$P$5:$P$96,اليومية!$C$5:$C$96,"أغسطس 2026")-SUMIFS(الرواتب!$O$5:$O$22,الرواتب!$B$5:$B$22,"أغسطس 2026") -> 2631 | H24: الكاش | I24: 0 | K24: قيد آلي — اليومية | L24: =IFERROR(INDEX(الإعدادات!$G$4:$G$15,MATCH($C24,الإعدادات!$H$4:$H$15,0)),"غير معرف") -> 5900 | M24: =IFERROR(INDEX(الإعدادات!$I$4:$I$15,MATCH($C24,الإعدادات!$H$4:$H$15,0)),"غير معرف") -> مصاريف التشغيل | N24: =IFERROR(INDEX(الإعدادات!$J$4:$J$15,MATCH($C24,الإعدادات!$H$4:$H$15,0)),"غير معرف") -> مصروف | O24: =IFERROR(INDEX(الإعدادات!$K$4:$K$15,MATCH($C24,الإعدادات!$H$4:$H$15,0)),"غير معرف") -> قائمة الدخل | P24: =MONTH(A24) -> 8 | Q24: =YEAR(A24)&"-Q"&ROUNDUP(MONTH(A24)/3,0) -> 2026-Q3 | R24: =IF(AND(I24=1,F24>0),F24*الإعدادات!$N$4/(1+الإعدادات!$N$4),0) -> 0 | S24: =IF(AND(I24=1,G24>0),G24*الإعدادات!$N$4/(1+الإعدادات!$N$4),0) -> 0 | T24: =F24+G24-R24-S24 -> 2631
A25: 46265 | B25: رواتب وبدلات أغسطس 2026 | C25: الرواتب والبدلات | G25: =SUMIFS(الرواتب!$D$5:$D$22,الرواتب!$B$5:$B$22,"أغسطس 2026")+SUMIFS(الرواتب!$E$5:$E$22,الرواتب!$B$5:$B$22,"أغسطس 2026")-SUMIFS(الرواتب!$N$5:$N$22,الرواتب!$B$5:$B$22,"أغسطس 2026") -> 17233.333 | H25: البنك | I25: 0 | K25: قيد آلي — الرواتب | L25: =IFERROR(INDEX(الإعدادات!$G$4:$G$15,MATCH($C25,الإعدادات!$H$4:$H$15,0)),"غير معرف") -> 5100 | M25: =IFERROR(INDEX(الإعدادات!$I$4:$I$15,MATCH($C25,الإعدادات!$H$4:$H$15,0)),"غير معرف") -> مصاريف الموظفين | N25: =IFERROR(INDEX(الإعدادات!$J$4:$J$15,MATCH($C25,الإعدادات!$H$4:$H$15,0)),"غير معرف") -> مصروف | O25: =IFERROR(INDEX(الإعدادات!$K$4:$K$15,MATCH($C25,الإعدادات!$H$4:$H$15,0)),"غير معرف") -> قائمة الدخل | P25: =MONTH(A25) -> 8 | Q25: =YEAR(A25)&"-Q"&ROUNDUP(MONTH(A25)/3,0) -> 2026-Q3 | R25: =IF(AND(I25=1,F25>0),F25*الإعدادات!$N$4/(1+الإعدادات!$N$4),0) -> 0 | S25: =IF(AND(I25=1,G25>0),G25*الإعدادات!$N$4/(1+الإعدادات!$N$4),0) -> 0 | T25: =F25+G25-R25-S25 -> 17233.333
A26: 46265 | B26: عمولات وحوافز أغسطس 2026 | C26: العمولات والحوافز | G26: =SUMIFS(الرواتب!$G$5:$G$22,الرواتب!$B$5:$B$22,"أغسطس 2026")+SUMIFS(الرواتب!$H$5:$H$22,الرواتب!$B$5:$B$22,"أغسطس 2026")+SUMIFS(الرواتب!$J$5:$J$22,الرواتب!$B$5:$B$22,"أغسطس 2026")+SUMIFS(الرواتب!$K$5:$K$22,الرواتب!$B$5:$B$22,"أغسطس 2026") -> 21256 | H26: البنك | I26: 0 | K26: قيد آلي — الرواتب | L26: =IFERROR(INDEX(الإعدادات!$G$4:$G$15,MATCH($C26,الإعدادات!$H$4:$H$15,0)),"غير معرف") -> 5110 | M26: =IFERROR(INDEX(الإعدادات!$I$4:$I$15,MATCH($C26,الإعدادات!$H$4:$H$15,0)),"غير معرف") -> مصاريف الموظفين | N26: =IFERROR(INDEX(الإعدادات!$J$4:$J$15,MATCH($C26,الإعدادات!$H$4:$H$15,0)),"غير معرف") -> مصروف | O26: =IFERROR(INDEX(الإعدادات!$K$4:$K$15,MATCH($C26,الإعدادات!$H$4:$H$15,0)),"غير معرف") -> قائمة الدخل | P26: =MONTH(A26) -> 8 | Q26: =YEAR(A26)&"-Q"&ROUNDUP(MONTH(A26)/3,0) -> 2026-Q3 | R26: =IF(AND(I26=1,F26>0),F26*الإعدادات!$N$4/(1+الإعدادات!$N$4),0) -> 0 | S26: =IF(AND(I26=1,G26>0),G26*الإعدادات!$N$4/(1+الإعدادات!$N$4),0) -> 0 | T26: =F26+G26-R26-S26 -> 21256
A27: 46266 | B27: إيجار الشهر — قسط من الدفعة النصف سنوية | C27: الإيجار | D27: شركة الأفق العقارية | E27: 300112233400003 | G27: 11500 | H27: البنك | I27: 1 | K27: استحقاق شهري | L27: =IFERROR(INDEX(الإعدادات!$G$4:$G$15,MATCH($C27,الإعدادات!$H$4:$H$15,0)),"غير معرف") -> 5200 | M27: =IFERROR(INDEX(الإعدادات!$I$4:$I$15,MATCH($C27,الإعدادات!$H$4:$H$15,0)),"غير معرف") -> مصاريف الفرع | N27: =IFERROR(INDEX(الإعدادات!$J$4:$J$15,MATCH($C27,الإعدادات!$H$4:$H$15,0)),"غير معرف") -> مصروف | O27: =IFERROR(INDEX(الإعدادات!$K$4:$K$15,MATCH($C27,الإعدادات!$H$4:$H$15,0)),"غير معرف") -> قائمة الدخل | P27: =MONTH(A27) -> 9 | Q27: =YEAR(A27)&"-Q"&ROUNDUP(MONTH(A27)/3,0) -> 2026-Q3 | R27: =IF(AND(I27=1,F27>0),F27*الإعدادات!$N$4/(1+الإعدادات!$N$4),0) -> 0 | S27: =IF(AND(I27=1,G27>0),G27*الإعدادات!$N$4/(1+الإعدادات!$N$4),0) -> 1500 | T27: =F27+G27-R27-S27 -> 10000
A28: 46270 | B28: فاتورة كهرباء ومياه | C28: الكهرباء والمياه | D28: شركة الكهرباء | E28: 300000000100003 | G28: 1429 | H28: البنك | I28: 1 | K28: إدخال يدوي | L28: =IFERROR(INDEX(الإعدادات!$G$4:$G$15,MATCH($C28,الإعدادات!$H$4:$H$15,0)),"غير معرف") -> 5210 | M28: =IFERROR(INDEX(الإعدادات!$I$4:$I$15,MATCH($C28,الإعدادات!$H$4:$H$15,0)),"غير معرف") -> مصاريف الفرع | N28: =IFERROR(INDEX(الإعدادات!$J$4:$J$15,MATCH($C28,الإعدادات!$H$4:$H$15,0)),"غير معرف") -> مصروف | O28: =IFERROR(INDEX(الإعدادات!$K$4:$K$15,MATCH($C28,الإعدادات!$H$4:$H$15,0)),"غير معرف") -> قائمة الدخل | P28: =MONTH(A28) -> 9 | Q28: =YEAR(A28)&"-Q"&ROUNDUP(MONTH(A28)/3,0) -> 2026-Q3 | R28: =IF(AND(I28=1,F28>0),F28*الإعدادات!$N$4/(1+الإعدادات!$N$4),0) -> 0 | S28: =IF(AND(I28=1,G28>0),G28*الإعدادات!$N$4/(1+الإعدادات!$N$4),0) -> 186.3913 | T28: =F28+G28-R28-S28 -> 1242.6087
A29: 46275 | B29: رسوم تأشيرة موظف جديد | C29: تكاليف الموظفين (تأشيرات وتأمين) | D29: منصة حكومية | G29: 2000 | H29: البنك | I29: 0 | K29: إدخال يدوي | L29: =IFERROR(INDEX(الإعدادات!$G$4:$G$15,MATCH($C29,الإعدادات!$H$4:$H$15,0)),"غير معرف") -> 5120 | M29: =IFERROR(INDEX(الإعدادات!$I$4:$I$15,MATCH($C29,الإعدادات!$H$4:$H$15,0)),"غير معرف") -> مصاريف الموظفين | N29: =IFERROR(INDEX(الإعدادات!$J$4:$J$15,MATCH($C29,الإعدادات!$H$4:$H$15,0)),"غير معرف") -> مصروف | O29: =IFERROR(INDEX(الإعدادات!$K$4:$K$15,MATCH($C29,الإعدادات!$H$4:$H$15,0)),"غير معرف") -> قائمة الدخل | P29: =MONTH(A29) -> 9 | Q29: =YEAR(A29)&"-Q"&ROUNDUP(MONTH(A29)/3,0) -> 2026-Q3 | R29: =IF(AND(I29=1,F29>0),F29*الإعدادات!$N$4/(1+الإعدادات!$N$4),0) -> 0 | S29: =IF(AND(I29=1,G29>0),G29*الإعدادات!$N$4/(1+الإعدادات!$N$4),0) -> 0 | T29: =F29+G29-R29-S29 -> 2000
A30: 46279 | B30: شراء مستلزمات ومنتجات | C30: المستلزمات والأدوات | D30: شركة الإمداد التجارية | E30: 300554433200003 | G30: 3833 | H30: البنك | I30: 1 | K30: إدخال يدوي | L30: =IFERROR(INDEX(الإعدادات!$G$4:$G$15,MATCH($C30,الإعدادات!$H$4:$H$15,0)),"غير معرف") -> 5220 | M30: =IFERROR(INDEX(الإعدادات!$I$4:$I$15,MATCH($C30,الإعدادات!$H$4:$H$15,0)),"غير معرف") -> مصاريف التشغيل | N30: =IFERROR(INDEX(الإعدادات!$J$4:$J$15,MATCH($C30,الإعدادات!$H$4:$H$15,0)),"غير معرف") -> مصروف | O30: =IFERROR(INDEX(الإعدادات!$K$4:$K$15,MATCH($C30,الإعدادات!$H$4:$H$15,0)),"غير معرف") -> قائمة الدخل | P30: =MONTH(A30) -> 9 | Q30: =YEAR(A30)&"-Q"&ROUNDUP(MONTH(A30)/3,0) -> 2026-Q3 | R30: =IF(AND(I30=1,F30>0),F30*الإعدادات!$N$4/(1+الإعدادات!$N$4),0) -> 0 | S30: =IF(AND(I30=1,G30>0),G30*الإعدادات!$N$4/(1+الإعدادات!$N$4),0) -> 499.95652 | T30: =F30+G30-R30-S30 -> 3333.0435
A31: 46283 | B31: شراء مستلزمات ومنتجات | C31: المستلزمات والأدوات | D31: مؤسسة النخبة للمستلزمات | E31: 300998877600003 | G31: 4909 | H31: البنك | I31: 1 | K31: إدخال يدوي | L31: =IFERROR(INDEX(الإعدادات!$G$4:$G$15,MATCH($C31,الإعدادات!$H$4:$H$15,0)),"غير معرف") -> 5220 | M31: =IFERROR(INDEX(الإعدادات!$I$4:$I$15,MATCH($C31,الإعدادات!$H$4:$H$15,0)),"غير معرف") -> مصاريف التشغيل | N31: =IFERROR(INDEX(الإعدادات!$J$4:$J$15,MATCH($C31,الإعدادات!$H$4:$H$15,0)),"غير معرف") -> مصروف | O31: =IFERROR(INDEX(الإعدادات!$K$4:$K$15,MATCH($C31,الإعدادات!$H$4:$H$15,0)),"غير معرف") -> قائمة الدخل | P31: =MONTH(A31) -> 9 | Q31: =YEAR(A31)&"-Q"&ROUNDUP(MONTH(A31)/3,0) -> 2026-Q3 | R31: =IF(AND(I31=1,F31>0),F31*الإعدادات!$N$4/(1+الإعدادات!$N$4),0) -> 0 | S31: =IF(AND(I31=1,G31>0),G31*الإعدادات!$N$4/(1+الإعدادات!$N$4),0) -> 640.30435 | T31: =F31+G31-R31-S31 -> 4268.6957
A32: 46290 | B32: حملة إعلانية على السوشيال | C32: التسويق | D32: وكالة ومضة | E32: 300776655400003 | G32: 1643 | H32: البنك | I32: 1 | K32: إدخال يدوي | L32: =IFERROR(INDEX(الإعدادات!$G$4:$G$15,MATCH($C32,الإعدادات!$H$4:$H$15,0)),"غير معرف") -> 5300 | M32: =IFERROR(INDEX(الإعدادات!$I$4:$I$15,MATCH($C32,الإعدادات!$H$4:$H$15,0)),"غير معرف") -> مصاريف التشغيل | N32: =IFERROR(INDEX(الإعدادات!$J$4:$J$15,MATCH($C32,الإعدادات!$H$4:$H$15,0)),"غير معرف") -> مصروف | O32: =IFERROR(INDEX(الإعدادات!$K$4:$K$15,MATCH($C32,الإعدادات!$H$4:$H$15,0)),"غير معرف") -> قائمة الدخل | P32: =MONTH(A32) -> 9 | Q32: =YEAR(A32)&"-Q"&ROUNDUP(MONTH(A32)/3,0) -> 2026-Q3 | R32: =IF(AND(I32=1,F32>0),F32*الإعدادات!$N$4/(1+الإعدادات!$N$4),0) -> 0 | S32: =IF(AND(I32=1,G32>0),G32*الإعدادات!$N$4/(1+الإعدادات!$N$4),0) -> 214.30435 | T32: =F32+G32-R32-S32 -> 1428.6957
A33: 46293 | B33: عمولة بوابات الدفع | C33: رسوم بوابات الدفع | D33: بنك محلي | G33: 890 | H33: البنك | I33: 1 | K33: إدخال يدوي | L33: =IFERROR(INDEX(الإعدادات!$G$4:$G$15,MATCH($C33,الإعدادات!$H$4:$H$15,0)),"غير معرف") -> 5400 | M33: =IFERROR(INDEX(الإعدادات!$I$4:$I$15,MATCH($C33,الإعدادات!$H$4:$H$15,0)),"غير معرف") -> مصاريف التشغيل | N33: =IFERROR(INDEX(الإعدادات!$J$4:$J$15,MATCH($C33,الإعدادات!$H$4:$H$15,0)),"غير معرف") -> مصروف | O33: =IFERROR(INDEX(الإعدادات!$K$4:$K$15,MATCH($C33,الإعدادات!$H$4:$H$15,0)),"غير معرف") -> قائمة الدخل | P33: =MONTH(A33) -> 9 | Q33: =YEAR(A33)&"-Q"&ROUNDUP(MONTH(A33)/3,0) -> 2026-Q3 | R33: =IF(AND(I33=1,F33>0),F33*الإعدادات!$N$4/(1+الإعدادات!$N$4),0) -> 0 | S33: =IF(AND(I33=1,G33>0),G33*الإعدادات!$N$4/(1+الإعدادات!$N$4),0) -> 116.08696 | T33: =F33+G33-R33-S33 -> 773.91304
A34: 46295 | B34: دفعة أولى من ضريبة الربع الثالث | C34: ضريبة القيمة المضافة المسددة | D34: هيئة الزكاة والضريبة | G34: 6000 | H34: البنك | I34: 0 | J34: 2026-Q3 | K34: سداد على دفعات | L34: =IFERROR(INDEX(الإعدادات!$G$4:$G$15,MATCH($C34,الإعدادات!$H$4:$H$15,0)),"غير معرف") -> 2300 | M34: =IFERROR(INDEX(الإعدادات!$I$4:$I$15,MATCH($C34,الإعدادات!$H$4:$H$15,0)),"غير معرف") -> الالتزامات | N34: =IFERROR(INDEX(الإعدادات!$J$4:$J$15,MATCH($C34,الإعدادات!$H$4:$H$15,0)),"غير معرف") -> تسوية | O34: =IFERROR(INDEX(الإعدادات!$K$4:$K$15,MATCH($C34,الإعدادات!$H$4:$H$15,0)),"غير معرف") -> المركز المالي | P34: =MONTH(A34) -> 9 | Q34: =YEAR(A34)&"-Q"&ROUNDUP(MONTH(A34)/3,0) -> 2026-Q3 | R34: =IF(AND(I34=1,F34>0),F34*الإعدادات!$N$4/(1+الإعدادات!$N$4),0) -> 0 | S34: =IF(AND(I34=1,G34>0),G34*الإعدادات!$N$4/(1+الإعدادات!$N$4),0) -> 0 | T34: =F34+G34-R34-S34 -> 6000
A35: 46295 | B35: إيرادات سبتمبر 2026 — من اليومية | C35: مبيعات الخدمات | F35: =SUMIFS(اليومية!$V$5:$V$96,اليومية!$C$5:$C$96,"سبتمبر 2026") -> 118417 | H35: البنك | I35: 1 | K35: قيد آلي — اليومية | L35: =IFERROR(INDEX(الإعدادات!$G$4:$G$15,MATCH($C35,الإعدادات!$H$4:$H$15,0)),"غير معرف") -> 4100 | M35: =IFERROR(INDEX(الإعدادات!$I$4:$I$15,MATCH($C35,الإعدادات!$H$4:$H$15,0)),"غير معرف") -> الإيرادات | N35: =IFERROR(INDEX(الإعدادات!$J$4:$J$15,MATCH($C35,الإعدادات!$H$4:$H$15,0)),"غير معرف") -> إيراد | O35: =IFERROR(INDEX(الإعدادات!$K$4:$K$15,MATCH($C35,الإعدادات!$H$4:$H$15,0)),"غير معرف") -> قائمة الدخل | P35: =MONTH(A35) -> 9 | Q35: =YEAR(A35)&"-Q"&ROUNDUP(MONTH(A35)/3,0) -> 2026-Q3 | R35: =IF(AND(I35=1,F35>0),F35*الإعدادات!$N$4/(1+الإعدادات!$N$4),0) -> 15445.696 | S35: =IF(AND(I35=1,G35>0),G35*الإعدادات!$N$4/(1+الإعدادات!$N$4),0) -> 0 | T35: =F35+G35-R35-S35 -> 102971.3
A36: 46295 | B36: نثريات الدرج سبتمبر 2026 (بدون السلف) | C36: مصروفات نثرية من الدرج | G36: =SUMIFS(اليومية!$P$5:$P$96,اليومية!$C$5:$C$96,"سبتمبر 2026")-SUMIFS(الرواتب!$O$5:$O$22,الرواتب!$B$5:$B$22,"سبتمبر 2026") -> 2863 | H36: الكاش | I36: 0 | K36: قيد آلي — اليومية | L36: =IFERROR(INDEX(الإعدادات!$G$4:$G$15,MATCH($C36,الإعدادات!$H$4:$H$15,0)),"غير معرف") -> 5900 | M36: =IFERROR(INDEX(الإعدادات!$I$4:$I$15,MATCH($C36,الإعدادات!$H$4:$H$15,0)),"غير معرف") -> مصاريف التشغيل | N36: =IFERROR(INDEX(الإعدادات!$J$4:$J$15,MATCH($C36,الإعدادات!$H$4:$H$15,0)),"غير معرف") -> مصروف | O36: =IFERROR(INDEX(الإعدادات!$K$4:$K$15,MATCH($C36,الإعدادات!$H$4:$H$15,0)),"غير معرف") -> قائمة الدخل | P36: =MONTH(A36) -> 9 | Q36: =YEAR(A36)&"-Q"&ROUNDUP(MONTH(A36)/3,0) -> 2026-Q3 | R36: =IF(AND(I36=1,F36>0),F36*الإعدادات!$N$4/(1+الإعدادات!$N$4),0) -> 0 | S36: =IF(AND(I36=1,G36>0),G36*الإعدادات!$N$4/(1+الإعدادات!$N$4),0) -> 0 | T36: =F36+G36-R36-S36 -> 2863
A37: 46295 | B37: رواتب وبدلات سبتمبر 2026 | C37: الرواتب والبدلات | G37: =SUMIFS(الرواتب!$D$5:$D$22,الرواتب!$B$5:$B$22,"سبتمبر 2026")+SUMIFS(الرواتب!$E$5:$E$22,الرواتب!$B$5:$B$22,"سبتمبر 2026")-SUMIFS(الرواتب!$N$5:$N$22,الرواتب!$B$5:$B$22,"سبتمبر 2026") -> 17036.667 | H37: البنك | I37: 0 | K37: قيد آلي — الرواتب | L37: =IFERROR(INDEX(الإعدادات!$G$4:$G$15,MATCH($C37,الإعدادات!$H$4:$H$15,0)),"غير معرف") -> 5100 | M37: =IFERROR(INDEX(الإعدادات!$I$4:$I$15,MATCH($C37,الإعدادات!$H$4:$H$15,0)),"غير معرف") -> مصاريف الموظفين | N37: =IFERROR(INDEX(الإعدادات!$J$4:$J$15,MATCH($C37,الإعدادات!$H$4:$H$15,0)),"غير معرف") -> مصروف | O37: =IFERROR(INDEX(الإعدادات!$K$4:$K$15,MATCH($C37,الإعدادات!$H$4:$H$15,0)),"غير معرف") -> قائمة الدخل | P37: =MONTH(A37) -> 9 | Q37: =YEAR(A37)&"-Q"&ROUNDUP(MONTH(A37)/3,0) -> 2026-Q3 | R37: =IF(AND(I37=1,F37>0),F37*الإعدادات!$N$4/(1+الإعدادات!$N$4),0) -> 0 | S37: =IF(AND(I37=1,G37>0),G37*الإعدادات!$N$4/(1+الإعدادات!$N$4),0) -> 0 | T37: =F37+G37-R37-S37 -> 17036.667
A38: 46295 | B38: عمولات وحوافز سبتمبر 2026 | C38: العمولات والحوافز | G38: =SUMIFS(الرواتب!$G$5:$G$22,الرواتب!$B$5:$B$22,"سبتمبر 2026")+SUMIFS(الرواتب!$H$5:$H$22,الرواتب!$B$5:$B$22,"سبتمبر 2026")+SUMIFS(الرواتب!$J$5:$J$22,الرواتب!$B$5:$B$22,"سبتمبر 2026")+SUMIFS(الرواتب!$K$5:$K$22,الرواتب!$B$5:$B$22,"سبتمبر 2026") -> 22459.5 | H38: البنك | I38: 0 | K38: قيد آلي — الرواتب | L38: =IFERROR(INDEX(الإعدادات!$G$4:$G$15,MATCH($C38,الإعدادات!$H$4:$H$15,0)),"غير معرف") -> 5110 | M38: =IFERROR(INDEX(الإعدادات!$I$4:$I$15,MATCH($C38,الإعدادات!$H$4:$H$15,0)),"غير معرف") -> مصاريف الموظفين | N38: =IFERROR(INDEX(الإعدادات!$J$4:$J$15,MATCH($C38,الإعدادات!$H$4:$H$15,0)),"غير معرف") -> مصروف | O38: =IFERROR(INDEX(الإعدادات!$K$4:$K$15,MATCH($C38,الإعدادات!$H$4:$H$15,0)),"غير معرف") -> قائمة الدخل | P38: =MONTH(A38) -> 9 | Q38: =YEAR(A38)&"-Q"&ROUNDUP(MONTH(A38)/3,0) -> 2026-Q3 | R38: =IF(AND(I38=1,F38>0),F38*الإعدادات!$N$4/(1+الإعدادات!$N$4),0) -> 0 | S38: =IF(AND(I38=1,G38>0),G38*الإعدادات!$N$4/(1+الإعدادات!$N$4),0) -> 0 | T38: =F38+G38-R38-S38 -> 22459.5

Sheet قائمة الدخل
A1: قائمة الدخل — الربع الثالث 2026
A2: صافي قبل الضريبة — بتتحدث أوتوماتيك من الدفتر
C3: 7 | D3: 8 | E3: 9
A4: البند | B4: الكود | C4: يوليو | D4: أغسطس | E4: سبتمبر | F4: الإجمالي
A5: مبيعات الخدمات | B5: 4100 | C5: =SUMIFS(الدفتر!$T$5:$T$38,الدفتر!$L$5:$L$38,$B5,الدفتر!$P$5:$P$38,C$3) -> 109548.7 | D5: =SUMIFS(الدفتر!$T$5:$T$38,الدفتر!$L$5:$L$38,$B5,الدفتر!$P$5:$P$38,D$3) -> 110780.87 | E5: =SUMIFS(الدفتر!$T$5:$T$38,الدفتر!$L$5:$L$38,$B5,الدفتر!$P$5:$P$38,E$3) -> 102971.3 | F5: =SUM(C5:E5) -> 323300.87
A6: إجمالي الإيرادات | C6: =C5 -> 109548.7 | D6: =D5 -> 110780.87 | E6: =E5 -> 102971.3 | F6: =F5 -> 323300.87
A8: الرواتب والبدلات | B8: 5100 | C8: =SUMIFS(الدفتر!$T$5:$T$38,الدفتر!$L$5:$L$38,$B8,الدفتر!$P$5:$P$38,C$3) -> 17160 | D8: =SUMIFS(الدفتر!$T$5:$T$38,الدفتر!$L$5:$L$38,$B8,الدفتر!$P$5:$P$38,D$3) -> 17233.333 | E8: =SUMIFS(الدفتر!$T$5:$T$38,الدفتر!$L$5:$L$38,$B8,الدفتر!$P$5:$P$38,E$3) -> 17036.667 | F8: =SUM(C8:E8) -> 51430
A9: العمولات والحوافز | B9: 5110 | C9: =SUMIFS(الدفتر!$T$5:$T$38,الدفتر!$L$5:$L$38,$B9,الدفتر!$P$5:$P$38,C$3) -> 20024.4 | D9: =SUMIFS(الدفتر!$T$5:$T$38,الدفتر!$L$5:$L$38,$B9,الدفتر!$P$5:$P$38,D$3) -> 21256 | E9: =SUMIFS(الدفتر!$T$5:$T$38,الدفتر!$L$5:$L$38,$B9,الدفتر!$P$5:$P$38,E$3) -> 22459.5 | F9: =SUM(C9:E9) -> 63739.9
A10: تكاليف الموظفين (تأشيرات وتأمين) | B10: 5120 | C10: =SUMIFS(الدفتر!$T$5:$T$38,الدفتر!$L$5:$L$38,$B10,الدفتر!$P$5:$P$38,C$3) -> 0 | D10: =SUMIFS(الدفتر!$T$5:$T$38,الدفتر!$L$5:$L$38,$B10,الدفتر!$P$5:$P$38,D$3) -> 2880 | E10: =SUMIFS(الدفتر!$T$5:$T$38,الدفتر!$L$5:$L$38,$B10,الدفتر!$P$5:$P$38,E$3) -> 2000 | F10: =SUM(C10:E10) -> 4880
A11: الإيجار | B11: 5200 | C11: =SUMIFS(الدفتر!$T$5:$T$38,الدفتر!$L$5:$L$38,$B11,الدفتر!$P$5:$P$38,C$3) -> 10000 | D11: =SUMIFS(الدفتر!$T$5:$T$38,الدفتر!$L$5:$L$38,$B11,الدفتر!$P$5:$P$38,D$3) -> 10000 | E11: =SUMIFS(الدفتر!$T$5:$T$38,الدفتر!$L$5:$L$38,$B11,الدفتر!$P$5:$P$38,E$3) -> 10000 | F11: =SUM(C11:E11) -> 30000
A12: الكهرباء والمياه | B12: 5210 | C12: =SUMIFS(الدفتر!$T$5:$T$38,الدفتر!$L$5:$L$38,$B12,الدفتر!$P$5:$P$38,C$3) -> 1340 | D12: =SUMIFS(الدفتر!$T$5:$T$38,الدفتر!$L$5:$L$38,$B12,الدفتر!$P$5:$P$38,D$3) -> 1604.3478 | E12: =SUMIFS(الدفتر!$T$5:$T$38,الدفتر!$L$5:$L$38,$B12,الدفتر!$P$5:$P$38,E$3) -> 1242.6087 | F12: =SUM(C12:E12) -> 4186.9565
A13: المستلزمات والأدوات | B13: 5220 | C13: =SUMIFS(الدفتر!$T$5:$T$38,الدفتر!$L$5:$L$38,$B13,الدفتر!$P$5:$P$38,C$3) -> 9153.913 | D13: =SUMIFS(الدفتر!$T$5:$T$38,الدفتر!$L$5:$L$38,$B13,الدفتر!$P$5:$P$38,D$3) -> 9442.6087 | E13: =SUMIFS(الدفتر!$T$5:$T$38,الدفتر!$L$5:$L$38,$B13,الدفتر!$P$5:$P$38,E$3) -> 7601.7391 | F13: =SUM(C13:E13) -> 26198.261
A14: الصيانة والإصلاحات | B14: 5230 | C14: =SUMIFS(الدفتر!$T$5:$T$38,الدفتر!$L$5:$L$38,$B14,الدفتر!$P$5:$P$38,C$3) -> 0 | D14: =SUMIFS(الدفتر!$T$5:$T$38,الدفتر!$L$5:$L$38,$B14,الدفتر!$P$5:$P$38,D$3) -> 950 | E14: =SUMIFS(الدفتر!$T$5:$T$38,الدفتر!$L$5:$L$38,$B14,الدفتر!$P$5:$P$38,E$3) -> 0 | F14: =SUM(C14:E14) -> 950
A15: التسويق | B15: 5300 | C15: =SUMIFS(الدفتر!$T$5:$T$38,الدفتر!$L$5:$L$38,$B15,الدفتر!$P$5:$P$38,C$3) -> 1527.8261 | D15: =SUMIFS(الدفتر!$T$5:$T$38,الدفتر!$L$5:$L$38,$B15,الدفتر!$P$5:$P$38,D$3) -> 1425.2174 | E15: =SUMIFS(الدفتر!$T$5:$T$38,الدفتر!$L$5:$L$38,$B15,الدفتر!$P$5:$P$38,E$3) -> 1428.6957 | F15: =SUM(C15:E15) -> 4381.7391
A16: رسوم بوابات الدفع | B16: 5400 | C16: =SUMIFS(الدفتر!$T$5:$T$38,الدفتر!$L$5:$L$38,$B16,الدفتر!$P$5:$P$38,C$3) -> 752.17391 | D16: =SUMIFS(الدفتر!$T$5:$T$38,الدفتر!$L$5:$L$38,$B16,الدفتر!$P$5:$P$38,D$3) -> 724.34783 | E16: =SUMIFS(الدفتر!$T$5:$T$38,الدفتر!$L$5:$L$38,$B16,الدفتر!$P$5:$P$38,E$3) -> 773.91304 | F16: =SUM(C16:E16) -> 2250.4348
A17: مصروفات نثرية من الدرج | B17: 5900 | C17: =SUMIFS(الدفتر!$T$5:$T$38,الدفتر!$L$5:$L$38,$B17,الدفتر!$P$5:$P$38,C$3) -> 3363 | D17: =SUMIFS(الدفتر!$T$5:$T$38,الدفتر!$L$5:$L$38,$B17,الدفتر!$P$5:$P$38,D$3) -> 2631 | E17: =SUMIFS(الدفتر!$T$5:$T$38,الدفتر!$L$5:$L$38,$B17,الدفتر!$P$5:$P$38,E$3) -> 2863 | F17: =SUM(C17:E17) -> 8857
A18: إجمالي المصروفات | C18: =SUM(C8:C17) -> 63321.313 | D18: =SUM(D8:D17) -> 68146.855 | E18: =SUM(E8:E17) -> 65406.123 | F18: =SUM(F8:F17) -> 196874.29
A20: صافي الربح | C20: =C6-C18 -> 46227.383 | D20: =D6-D18 -> 42634.014 | E20: =E6-E18 -> 37565.181 | F20: =F6-F18 -> 126426.58
A21: هامش صافي الربح | C21: =IF(C6=0,0,C20/C6) -> 0.42198022 | D21: =IF(D6=0,0,D20/D6) -> 0.38484997 | E21: =IF(E6=0,0,E20/E6) -> 0.36481213 | F21: =IF(F6=0,0,F20/F6) -> 0.3910493

Sheet الضريبة
A1: ضريبة القيمة المضافة — الربع الثالث 2026
A2: 15% محسوبة على كل سطر في الدفتر — والمتبقي بيظهر كالتزام لحد ما يتسدد
A4: الفترة | B4: المبيعات الخاضعة | C4: ضريبة المخرجات | D4: المشتريات الخاضعة | E4: ضريبة المدخلات | F4: صافي المستحق
A5: يوليو 2026 | B5: =SUMIFS(الدفتر!$F$5:$F$38,الدفتر!$I$5:$I$38,1,الدفتر!$P$5:$P$38,7) -> 125981 | C5: =SUMIFS(الدفتر!$R$5:$R$38,الدفتر!$P$5:$P$38,7) -> 16432.304 | D5: =SUMIFS(الدفتر!$G$5:$G$38,الدفتر!$I$5:$I$38,1,الدفتر!$P$5:$P$38,7) -> 26190 | E5: =SUMIFS(الدفتر!$S$5:$S$38,الدفتر!$P$5:$P$38,7) -> 3416.087 | F5: =C5-E5 -> 13016.217
A6: أغسطس 2026 | B6: =SUMIFS(الدفتر!$F$5:$F$38,الدفتر!$I$5:$I$38,1,الدفتر!$P$5:$P$38,8) -> 127398 | C6: =SUMIFS(الدفتر!$R$5:$R$38,الدفتر!$P$5:$P$38,8) -> 16617.13 | D6: =SUMIFS(الدفتر!$G$5:$G$38,الدفتر!$I$5:$I$38,1,الدفتر!$P$5:$P$38,8) -> 26676 | E6: =SUMIFS(الدفتر!$S$5:$S$38,الدفتر!$P$5:$P$38,8) -> 3479.4783 | F6: =C6-E6 -> 13137.652
A7: سبتمبر 2026 | B7: =SUMIFS(الدفتر!$F$5:$F$38,الدفتر!$I$5:$I$38,1,الدفتر!$P$5:$P$38,9) -> 118417 | C7: =SUMIFS(الدفتر!$R$5:$R$38,الدفتر!$P$5:$P$38,9) -> 15445.696 | D7: =SUMIFS(الدفتر!$G$5:$G$38,الدفتر!$I$5:$I$38,1,الدفتر!$P$5:$P$38,9) -> 24204 | E7: =SUMIFS(الدفتر!$S$5:$S$38,الدفتر!$P$5:$P$38,9) -> 3157.0435 | F7: =C7-E7 -> 12288.652
A8: إجمالي الربع | B8: =SUM(B5:B7) -> 371796 | C8: =SUM(C5:C7) -> 48495.13 | D8: =SUM(D5:D7) -> 77070 | E8: =SUM(E5:E7) -> 10052.609 | F8: =SUM(F5:F7) -> 38442.522
A10: الإقرار | B10: المستحق | C10: المسدد | D10: المتبقي (التزام) | E10: الحالة
A11: 2026-Q3 | B11: =F8 -> 38442.522 | C11: =SUMIFS(الدفتر!$G$5:$G$38,الدفتر!$L$5:$L$38,2300,الدفتر!$J$5:$J$38,A11) -> 6000 | D11: =B11-C11 -> 32442.522 | E11: =IF(D11<=0,"مسدد بالكامل","سداد جزئي — التزام قائم") -> سداد جزئي — التزام قائم

Sheet التحقق
A1: التحقق — فحوصات قبل اعتماد أي تقرير
A2: ✓ = سليم • ⚠ = يحتاج مراجعة
A4: الفحص | B4: القيمة الأولى | C4: القيمة التانية | D4: الفرق | E4: النتيجة
A5: مبيعات اليومية = إيرادات الدفتر | B5: =SUM(اليومية!V5:V96) -> 371796 | C5: =SUMIFS(الدفتر!$F$5:$F$38,الدفتر!$L$5:$L$38,4100) -> 371796 | D5: =B5-C5 -> 0 | E5: =IF(ABS(D5)<0.01,"✓ سليم","⚠ راجع") -> ✓ سليم
A6: مستحقات الرواتب − خصم الغياب = رواتب وحوافز الدفتر | B6: =SUM(الرواتب!L5:L22)-SUM(الرواتب!N5:N22) -> 115169.9 | C6: =SUMIFS(الدفتر!$G$5:$G$38,الدفتر!$L$5:$L$38,5100)+SUMIFS(الدفتر!$G$5:$G$38,الدفتر!$L$5:$L$38,5110) -> 115169.9 | D6: =B6-C6 -> 0 | E6: =IF(ABS(D6)<0.01,"✓ سليم","⚠ راجع") -> ✓ سليم
A7: مصروفات الدرج = السلف + النثريات في الدفتر | B7: =SUM(اليومية!P5:P96) -> 15857 | C7: =SUM(الرواتب!O5:O22)+SUMIFS(الدفتر!$G$5:$G$38,الدفتر!$L$5:$L$38,5900) -> 15857 | D7: =B7-C7 -> 0 | E7: =IF(ABS(D7)<0.01,"✓ سليم","⚠ راجع") -> ✓ سليم
A8: حسابات غير معرفة في دليل الحسابات | B8: =COUNTIF(الدفتر!$L$5:$L$38,"غير معرف") -> 0 | C8: =0 -> 0 | D8: =B8-C8 -> 0 | E8: =IF(ABS(D8)<0.01,"✓ سليم","⚠ راجع") -> ✓ سليم
A9: صافي الربح في القائمة = صافي الدفتر | B9: ='قائمة الدخل'!F20 -> 126426.58 | C9: =SUMIFS(الدفتر!$T$5:$T$38,الدفتر!$N$5:$N$38,"إيراد")-SUMIFS(الدفتر!$T$5:$T$38,الدفتر!$N$5:$N$38,"مصروف") -> 126426.58 | D9: =B9-C9 -> 0 | E9: =IF(ABS(D9)<0.01,"✓ سليم","⚠ راجع") -> ✓ سليم
A10: الضريبة المستحقة = المخرجات − المدخلات | B10: =الضريبة!F8 -> 38442.522 | C10: =SUM(الدفتر!$R$5:$R$38)-SUM(الدفتر!$S$5:$S$38) -> 38442.522 | D10: =B10-C10 -> 0 | E10: =IF(ABS(D10)<0.01,"✓ سليم","⚠ راجع") -> ✓ سليم
A11: أيام فيها فرق كاش أو شبكة (للمراجعة) | B11: =COUNTIF(اليومية!AA5:AA96,"<>مطابق") -> 19 | C11: =0 -> 0 | D11: =B11-C11 -> 19 | E11: =IF(ABS(D11)<0.01,"✓ سليم","⚠ راجع") -> ⚠ راجع
